Recipe_No,Unnamed: 0,title,ingredients,directions,link,source,NER
1,2015528,Marinated Flank Steak Recipe,"[""1 1/2 pound flank steak"", ""1/2 c. finely minced green onions (scallions)"", ""1/2 c. dry red wine"", ""1/4 c. soy sauce"", ""3 tbsp. salad oil"", ""3 teaspoon sesame seeds"", ""2 teaspoon packed brown sugar"", ""1/4 teaspoon grnd black pepper"", ""1/4 teaspoon grnd ginger"", ""1 clove garlic, chopped""]","[""Remove tenderloin from steak."", ""Score meat."", ""Combine remaining ingredients and pour over meat."", ""Let marinate 24 hrs."", ""Preheat grill."", ""Broil or possibly grill."", ""Slice thinly on an angle against the grain.""]",cookeatshare.com/recipes/marinated-flank-steak-20757,Recipes1M,"[""flank steak"", ""green onions"", ""red wine"", ""soy sauce"", ""salad oil"", ""sesame seeds"", ""brown sugar"", ""grnd black pepper"", ""grnd ginger"", ""clove garlic""]"
2,1608734,French Chicken Stew,"[""1 tablespoon rosemary"", ""1 teaspoon thyme"", ""3 bay leaves"", ""1 teaspoon smoked paprika"", ""1 teaspoon pepper"", ""1/4 cup red wine"", ""3 cups chicken broth"", ""2 cups button mushrooms sliced"", ""2 cups mushroom mix, oyster, shiitake, baby bella, sliced"", ""2 medium carrots sliced diagonally"", ""1 onion medium, chopped"", ""1 red potato medium, cut in 1-inch pieces"", ""1 cup frozen green beans 1-inch pieces"", ""1/2 can black olives pitted ripe, halved"", ""1 handful grape tomatoes halved"", ""8 chicken thighs with bones and skin. 2-3 lbs"", ""2 stalks celery"", ""3 cups water""]","[""combine all ingredients in slow cooker (6 quarts). bury chicken in vegetables. don't put herbs directly on chicken (because skin is removed later)"", ""add enough broth and water to cover most of ingredients. liquid level rises a good amount during cooking, so careful with filling the slow cooker too much."", ""turn slow cooker on low for 6-7 hours or high 3-4 hours. Note: in my newer Crock-Pot this was enough time, but in my parents' older Crock-Pot 7 hours on low was not enough (don't know how long would be good. we left the veggies a little tough)."", ""pull out all chicken."", ""skim off fat from top with spoon"", ""pull off skin and remove bones from chicken. shred and return to soup.""]",www.yummly.com/recipe/French-Chicken-Stew-1433580,Gathered,"[""rosemary"", ""thyme"", ""bay leaves"", ""paprika"", ""pepper"", ""red wine"", ""chicken broth"", ""button mushrooms"", ""mushroom mix"", ""carrots"", ""onion"", ""frozen green beans"", ""black olives"", ""handful grape tomatoes"", ""chicken"", ""stalks celery"", ""water""]"
3,778500,Glazed Carrots,"[""3 to 4 carrots"", ""1 1/2 Tbsp. butter"", ""1/3 c. brown sugar"", ""grated lemon rind and juice""]","[""Cook 3 to 4 carrots; cut crosswise in 1-inch pieces."", ""Add butter, brown sugar (packed) and grated lemon rind and juice to taste."", ""Heat slow, stirring occasionally, until nicely glazed, about 15 minutes."", ""Makes 2 to 3 servings.""]",www.cookbooks.com/Recipe-Details.aspx?id=1011892,Gathered,"[""carrots"", ""butter"", ""brown sugar"", ""lemon rind""]"
4,1334975,Moms Pie Dough ,"[""4.5 Cups Flour"", ""1.5 Tsp Salt"", ""Pinch Baking Powder"", ""1 Tbls Sugar"", ""1 2/3 cup Crisco"", ""1 egg lightly beaten"", ""1 tsp vinegar"", ""Ice Water""]","[""Mix all dry ingredients in a bowl."", """", ""Add crisco and cut in with dough cutter."", """", ""Mix wet ingredients adding ice water to make 1 total cup of wet ingredients."", """", ""Add wet to dry, starting with 1/2 cup of wet ingredients."", """", ""Make dough and chill""]",www.epicurious.com/recipes/member/views/moms-pie-dough-50099408,Gathered,"[""Flour"", ""Salt"", ""Baking Powder"", ""Sugar"", ""Crisco"", ""egg"", ""vinegar"", ""Water""]"
5,116562,Pretzel Salad Or Dessert,"[""2 c. crushed small thin pretzels (sticks)"", ""3/4 c. margarine""]","[""Mix and press in baking pan, approximately 13 x 9-inch. Bake 8 minutes at 400\u00b0. Cool.""]",www.cookbooks.com/Recipe-Details.aspx?id=106723,Gathered,"[""thin pretzels"", ""margarine""]"
6,1712896,Citrus Syrup,"[""3/4 cup sugar"", ""1/2 cup fresh orange juice"", ""1/2 cup fresh lemon juice""]","[""In a 1 1/2-quart saucepan stir together sugar and juices and simmer, stirring occasionally, 5 minutes, or until sugar is dissolved and syrup is slightly thickened."", ""Cool syrup."", ""Syrup may be made 3 days ahead and chilled, covered."", ""Makes about 1 1/4 cups.""]",www.epicurious.com/recipes/food/views/citrus-syrup-100938,Recipes1M,"[""sugar"", ""orange juice"", ""lemon juice""]"
7,1306450,Cranberry And Candied Orange Chutney ,"[""1 large navel orange with skin"", ""7 cups water, divided"", ""1/2 cup sugar"", ""2 cinnamon sticks, divided"", ""1/4 cup (packed) golden brown sugar"", ""1 tablespoon dark rum"", ""2 teaspoons apple cider vinegar"", ""1/8 teaspoon ground allspice"", ""1/2 cup fresh or frozen cranberries""]","[""Cut orange into 1/4-inch-thick rounds; cut rounds into 1/4-inch cubes. Place in heavy medium saucepan; add 3 cups water. Bring to boil. Reduce heat and simmer 10 minutes. Drain, rinse, and drain well. Boil again with 3 cups water; rinse and drain."", ""Return orange cubes to same pan. Add 3/4 cup water, 1/2 cup sugar, and 1 cinnamon stick. Bring to boil, stirring until sugar dissolves. Boil gently until all liquid evaporates, about 30 minutes."", ""Bring brown sugar, rum, vinegar, allspice, 1/4 cup water, and 1 cinnamon stick to boil in saucepan. Mix in cranberries. Cook until thick syrup forms, stirring occasionally, about 10 minutes. Mix in orange; cook 1 minute. Transfer chutney to small bowl; cool. (Can be made 2 days ahead. Cover; chill.)""]",www.epicurious.com/recipes/food/views/cranberry-and-candied-orange-chutney-233172,Gathered,"[""orange with skin"", ""water"", ""sugar"", ""cinnamon sticks"", ""golden brown sugar"", ""dark rum"", ""apple cider vinegar"", ""ground allspice"", ""cranberries""]"
8,1345812,Tau Kua He Ci Medan'S Favourite Food ,"[""1 slices Gravy ingredients (A) - onion"", ""3 cloves Gravy ingredients (A) - cloves garlic"", ""300 grams Gravy ingredients (A) - very ripe tomatoes (chopped)"", ""300 grams Gravy ingredients (A) - pineappled (chopped)"", ""6 tablespoons Gravy ingredients (A) - tomato sauce ( i use Del Monte)"", ""3 tablespoons Gravy ingredients (A) - sugar ( to taste)"", ""1 tablespoon Gravy ingredients (A) - salt & pepper"", ""3 liters Gravy ingredients (A) - water"", ""200 grams Gravy ingredients (B) - pineappled (chopped)"", ""3 tablespoons Gravy ingredients (B) - corn starch to dissolve in water""]","[""The condiments:"", ""- Large prawns, fried in batter"", ""- Small blue swimming crab, fried in batter"", ""- small - medium size prawn, made into crackers"", ""- 1 bunch of morning glory, boil until ready"", ""- 200 gr bean sprout, blanched"", ""- make birds eye chilli sauce"", ""The Gravy :"", ""- Bring water to a boil, put all ingredients for gravy and continue to cooke for 10 minutes, simmer for another 1 hour or until the tomato is softened or the water has reduced to 2 - 2.5 L"", ""- Put the tomato stock back in the pot, add in the dissolved corn starch, mix well and bring back to a boil, the gravy now should thickened. If you prefer the gravy slightly runny use 2 tbsp of corn starch but if you wish thicker use 3 tbsp."", ""- The gravy is now ready to use""]",www.epicurious.com/recipes/member/views/tau-kua-he-ci-medans-favourite-food-5b1e3c5cae9b4a38dd3df825,Gathered,"[""Gravy ingredients"", ""garlic"", ""Gravy ingredients"", ""Gravy ingredients"", ""Gravy ingredients"", ""Gravy ingredients"", ""Gravy ingredients"", ""liters Gravy ingredients"", ""Gravy ingredients"", ""Gravy ingredients""]"
9,692271,Jamaica Barbecue Sauce,"[""1 1/2 c. cider vinegar"", ""4 tsp. lemon juice"", ""3 tsp. Worcestershire sauce"", ""2 tsp. brown sugar"", ""1 Tbsp. prepared mustard"", ""3/4 tsp. salt"", ""1/2 tsp. meat tenderizer"", ""1 c. tomato catsup"", ""1 Tbsp. liquid smoke"", ""1 tsp. garlic powder"", ""1 tsp. cayenne pepper"", ""1/2 tomato puree""]","[""Mix ingredients well."", ""Pour into jar."", ""Keep in refrigerator until ready to use."", ""Makes 1 3/4 pints.""]",www.cookbooks.com/Recipe-Details.aspx?id=470060,Gathered,"[""cider vinegar"", ""lemon juice"", ""Worcestershire sauce"", ""brown sugar"", ""mustard"", ""salt"", ""tenderizer"", ""tomato catsup"", ""liquid smoke"", ""garlic powder"", ""cayenne pepper"", ""tomato puree""]"
10,633422,Dill Dip,"[""2/3 c. sour cream"", ""2/3 c. Hellmann's mayo"", ""1 Tbsp. parsley flakes"", ""1 Tbsp. dried onion flakes"", ""1 Tbsp. Worcestershire sauce"", ""1 tsp. Accent"", ""1 tsp. season salt"", ""1 tsp. dill weed""]","[""Mix all ingredients together and chill overnight. Great with fresh vegetables.""]",www.cookbooks.com/Recipe-Details.aspx?id=109385,Gathered,"[""sour cream"", ""mayo"", ""parsley flakes"", ""onion"", ""Worcestershire sauce"", ""Accent"", ""season salt"", ""dill weed""]"
11,1498855,"Crab, Grapefruit And Watercress Salad","[""3 tablespoons champagne vinegar"", ""3 tablespoons honey"", ""2 tablespoons chopped sweet onion"", ""1 teaspoon Dijon mustard"", ""1/2 teaspoon sea salt"", ""1/2 cup canola oil"", ""1 tablespoon poppy seeds"", ""2 cans (6-1/2 ounces each) jumbo lump crabmeat, drained {Maria: the flavor of jumbo lump crabmeat is much better than plain old lump crabmeat plus it's more tender, so please be sure to get jumbo. thx!}"", ""6 cups watercress"", ""2-1/2 cups fresh grapefruit segments"", ""12 cherry tomatoes, halved"", ""1 medium ripe avocado, peeled, pitted and sliced"", ""1-1/2 teaspoons white grapefruit juice""]","[""Process first five ingredients in a blender or food processor until smooth. While processing, gradually add oil in a steady stream until dressing thickens. Pour into a serving bowl; stir in poppy seeds."", ""Transfer 1/4 cup salad dressing to a small bowl. Toss with crab. Add remaining ingredients to serving bowl; gently toss until combined. Top with crab mixture.""]",www.tasteofhome.com/recipes/crab-grapefruit-and-watercress-salad/,Gathered,"[""champagne vinegar"", ""honey"", ""sweet onion"", ""mustard"", ""salt"", ""canola oil"", ""poppy seeds"", ""jumbo lump crabmeat"", ""watercress"", ""fresh grapefruit segments"", ""cherry tomatoes"", ""avocado"", ""white grapefruit juice""]"
12,1632674,Sloppy Joe Grilled Cheese,"[""1 pound ground beef"", ""1/4 cup chopped onion"", ""2 tablespoons prepared mustard depending on your tastebuds"", ""1/2 cup ketchup"", ""1/4 cup brown sugar"", ""1/2 tablespoon worcestershire sauce"", ""12 slices Texas toast bread"", ""6 tablespoons butter softened"", ""4 cups shredded cheese or more if you need it""]","[""Read full directions at 5boysbaker.com""]",www.yummly.com/recipe/Sloppy-Joe-Grilled-Cheese-1509365,Gathered,"[""ground beef"", ""onion"", ""tastebuds"", ""ketchup"", ""brown sugar"", ""worcestershire sauce"", ""bread"", ""butter"", ""shredded cheese""]"
13,1636219,Strawberry Tart,"[""1 pie shell Graham Cracker"", ""2 cups low fat milk"", ""1 package sugar free vanilla instant pudding mix"", ""1 teaspoon orange rind grated freshly"", ""2 cups strawberries cleaned &"", ""berries Hauled, other, maybe substituted""]","[""Use an 8- or 9-inch tart pan with removeable bottom."", ""Firmly pat gramham cracker pie shell into tart pan."", ""Set aside. Blend milk with instant pudding mix in deep bowl using a whisk or an electric mixer. Continue mixing at low speed for 1 minute or until pudding is dissolved. Add grated orange rind. Let stand for 5 minutes and pour into pie shell. Let stand for 15 minutes or until set. Arrange strawberries or other berries decoratively over pudding shortly before This recipe is suitable for occasional use. Use unsalted margarine in pie shell.""]",www.yummly.com/recipe/Strawberry-Tart-1674888,Gathered,"[""pie shell"", ""milk"", ""sugar"", ""orange rind"", ""strawberries"", ""berries""]"
14,399226,Broccoli Casserole,"[""2 pkg. chopped broccoli, cooked and drained or fresh"", ""1/2 c. margarine"", ""4 Tbsp. flour"", ""4 chicken bouillons, crushed"", ""2 c. milk"", ""8 oz. pkg. stuffing mix""]","[""Stir margarine, flour, bouillon cubes and milk until thick. Pour over broccoli."", ""Mix stuffing mix according to directions. Sprinkle on top."", ""Add nuts."", ""Bake 30 minutes at 350\u00b0 in 9 x 13-inch pan.""]",www.cookbooks.com/Recipe-Details.aspx?id=232515,Gathered,"[""broccoli"", ""margarine"", ""flour"", ""chicken bouillons"", ""milk"", ""stuffing mix""]"
15,841844,Vegetable Salad,"[""2 cans Veg-All, drained"", ""1 can kidney beans, rinsed and drained"", ""1 can whole corn, drained"", ""1 c. chopped celery"", ""1 green pepper, chopped"", ""1 small onion, chopped"", ""2 Tbsp. flour"", ""3/4 c. sugar"", ""1/2 c. vinegar"", ""2 Tbsp. mustard""]","[""Place Veg-All, kidney beans, whole corn, celery, green pepper and onion in bowl."", ""Combine flour, sugar, vinegar and mustard."", ""In a saucepan, cook until the mixture thickens."", ""Set aside to cool. When cool, pour it over vegetables and mix.""]",www.cookbooks.com/Recipe-Details.aspx?id=179534,Gathered,"[""Veg-All"", ""kidney beans"", ""corn"", ""celery"", ""green pepper"", ""onion"", ""flour"", ""sugar"", ""vinegar"", ""mustard""]"
16,2007310,Easy Rhubarb Jam Recipe,"[""5 c. cut-up rhubarb"", ""3 c. sugar""]","[""Cook till rhubarb is soft."", ""Then add in 1 c. cherry pie mix."", ""Heat till boiling, add in 1 small box cherry Jello."", ""Mix well."", ""Put in containers and seal."", ""You can use apricot pie mix and apricot Jello instead.""]",cookeatshare.com/recipes/easy-rhubarb-jam-16644,Recipes1M,"[""rhubarb"", ""sugar""]"
17,1073484,Portzelky (New Year'S Cookies),"[""1 teaspoon sugar"", ""1/2 cup lukewarm water"", ""2 teaspoons active dry yeast"", ""1/2 cup milk"", ""1/2 cup water"", ""1/2 tablespoon salt"", ""1 tablespoon sugar"", ""2 teaspoons baking powder"", ""2 cups raisins (or as many as you would like)"", ""3 egg yolks"", ""3 egg whites, beaten"", ""3 cups flour"", ""oil (for deep frying)""]","[""Dissolve sugar in lukewarm water in a small bowl. Sprinkle with yeast and let stand."", ""Combine milk, water, salt, sugar, baking powder, and raisins in a large bowl or in the bowl of a stand mixer."", ""Beat in egg yolks and yeast."", ""Stir in flour to make a heavy (rather stiff) batter."", ""Fold in egg whites."", ""Cover and set in a warm place until well risen (at least double in bulk). This should take about 2 hours. The end result is a fairly sticky dough."", ""Drop by tablespoonfuls into hot oil (375F) and fry until golden brown.""]",www.food.com/recipe/portzelky-new-years-cookies-277254,Gathered,"[""sugar"", ""water"", ""active dry yeast"", ""milk"", ""water"", ""salt"", ""sugar"", ""baking powder"", ""raisins"", ""egg yolks"", ""egg whites"", ""flour"", ""oil""]"
18,1044068,Frozen Fruit Medley,"[""1 (17 ounce) can apricots or (17 ounce) can peaches"", ""1 (20 ounce) can unsweetend crushed pineapple"", ""1 cup juice or 1 cup syrup, drained from canned fruit"", ""1/2 cup sugar"", ""2 cups strawberries (or 16 oz pkg whole frozen unsweetened berries paritally thawed and separated)"", ""3 bananas, sliced"", ""1 (6 ounce) can frozen orange juice concentrate"", ""2 tablespoons lemon juice""]","[""Drain canned fruits, reserving 1 cup combined syrup."", ""Cook syrup and sugar over medium heat about 5 minutes, stirring until sugar dissolves."", ""In a large bowl, mix all ingredients including syrup together."", ""Using about 2 cups at a time, place mixture in blender."", ""Cover and puree until smooth but slightly chunky."", ""Pour into another large bowl."", ""Repeat until all fruit is processed."", ""When all is blended, stir together in the large bowl."", ""Line 30 muffin cups with paper liners."", ""Ladle fruit into paper cups."", ""Freeze until solid."", ""When frozen, turn over muffin tins and punch out cups with your thumbs."", ""Place cups in freezer bags and store in freezer."", ""Remove from freezer 20 minutes before serving to use as a salad or dessert, or eat frozen.""]",www.food.com/recipe/frozen-fruit-medley-122099,Gathered,"[""peaches"", ""pineapple"", ""syrup"", ""sugar"", ""strawberries"", ""bananas"", ""orange juice"", ""lemon juice""]"
19,1589700,Banana Slush,"[""3 cups Water"", ""2 cups Sugar"", ""177 milliliters Orange Juice Concentrate"", ""6 Tablespoons Lemon Juice"", ""6 whole Ripe Bananas"", ""1.36 liters Pineapple Juice"", ""2 bottles (2-liter Size) Lemon-Line Soda""]","[""Note: The slush mixture makes approximately 1 gallon. Once you mix it with soda, it will make a total of 2 gallons."", ""Start by preparing 2 half-gallon containers that you will use for freezing. You can mix everything in a huge bowl if you have one or divide it as you go, and mix it individually in your containers."", ""Microwave water until very warm. Pour in blender, add sugar and blend until sugar is dissolved. Add orange juice concentrate and lemon juice to blender and blend on high until totally smooth. Add contents of blender to the huge mixing bowl."", ""Add half the bananas and half of the pineapple juice to the blender. Blend on high until smooth. Add contents of the blender to the mixing bowl."", ""Add remaining bananas and pineapple juice to the blender. Blend until smooth. Add to mixing bowl."", ""Mix juices until totally combined. Pour into freezing containers and close them tightly. Freeze about 24 hours until frozen solid."", ""Remove 1/2 gallon frozen slush mixture 1 hour before you are serving it. After letting it thaw on the counter for 1 hour, use a table knife to cut it in two directions. I normally cut it into about 1/2 inch sections. Add 2 liters of soda to a gallon pitcher. Spoon slush mixture into pitcher. Stir gently to combine. Adding the soda first reduces the amount of foam in your pitcher."", ""Repeat previous step if you are making the whole recipe at once. This can also be made in a 2-gallon punch bowl instead of 2 gallon-sized pitchers.""]",tastykitchen.com/recipes/drinks/banana-slush/,Gathered,"[""Water"", ""Sugar"", ""Orange Juice"", ""Lemon Juice"", ""Bananas"", ""Pineapple Juice"", ""bottles""]"
20,1078006,Just Peachy Iced Tea,"[""4 cups water"", ""4 tablespoons sugar, to taste"", ""4 tea bags"", ""1 1/2 cups peach nectar"", ""6 slices peaches (wedges) (optional)""]","[""In a large teapot or pot, combine water and sugar and bring to a boil."", ""Add teabags and let steep for 4-5 minutes or until desired."", ""Take out tea bags."", ""Pour tea into a heat proof pitcher."", ""Add peach nectar, stir."", ""Let cool."", ""Put a peach wedge into each glass."", ""Enjoy!""]",www.food.com/recipe/just-peachy-iced-tea-104410,Gathered,"[""water"", ""sugar"", ""nectar"", ""peaches""]"
21,745320,Caramel Snappers,"[""90 pecan halves (about 1 1/2 c.)"", ""1/2 (14 oz.) pkg. vanilla caramels (about 25)"", ""1 Tbsp. water"", ""1/2 c. semi-sweet chocolate pieces""]","[""To toast pecan halves, spread nuts in a single layer in a shallow baking pan."", ""Toast the nuts in a 350\u00b0 oven about 10 minutes, stirring occasionally.""]",www.cookbooks.com/Recipe-Details.aspx?id=662290,Gathered,"[""pecan"", ""vanilla caramels"", ""water"", ""semi-sweet chocolate pieces""]"
22,293961,Nutty Butty Pie,"[""3 graham cracker crusts"", ""1 (8 oz.) cream cheese"", ""2 (8 oz.) Cool Whip"", ""1 c. whole milk"", ""2 c. 10x confectioners sugar"", ""3/4 c. crunchy peanut butter"", ""1 small can Hershey's chocolate syrup"", ""3/4 c. crushed pecans""]","[""Blend softened cream cheese and milk. Add the confectioners sugar, peanut butter and then add Cool Whip (8 ounces at a time). Fill pie crust with mixture and drool chocolate syrup over filling. Top with pecans. Freeze until firm."", ""Remove from freezer prior to serving.""]",www.cookbooks.com/Recipe-Details.aspx?id=202431,Gathered,"[""graham cracker crusts"", ""cream cheese"", ""milk"", ""confectioners sugar"", ""crunchy peanut butter"", ""chocolate syrup"", ""pecans""]"
23,1985212,Pine Nut Cookie Cups,"[""Nonstick vegetable oil spray"", ""1/2 cup pine nuts, toasted"", ""1/2 cup sugar"", ""1/4 cup all purpose flour"", ""5 tablespoons unsalted butter, melted"", ""2 large egg whites, beaten to blend"", ""1/2 teaspoon vanilla extract"", ""1/3 cup pine nuts, untoasted""]","[""Preheat oven to 350F."", ""Spray large baking sheet with vegetable oil spray."", ""Finely grind 1/2 cup toasted pine nuts with sugar and flour in processor."", ""Transfer to bowl."", ""Mix in butter, egg whites and vanilla."", ""Form 3 cookies by spooning 1 tablespoonful batter for each onto prepared baking sheet, spacing 4 inches apart."", ""Using knife, spread each to 4-inch round."", ""Sprinkle each round with 1 teaspoon untoasted pine nuts."", ""Bake cookies until golden around edges, about 10 minutes."", ""Working quickly, run thin metal spatula around edges of cookies to loosen."", ""Drape each cookie over inverted 3/4-cup custard cup, molding and crimping sides of cookie to shape (cookie cups will be shallow)."", ""Transfer cookies to rack."", ""Repeat with remaining batter and untoasted nuts, spraying baking sheet with vegetable oil spray between batches."", ""Cool before using."", ""(Can be prepared 3 days ahead."", ""Store at room temperature in airtight container.)""]",www.epicurious.com/recipes/food/views/pine-nut-cookie-cups-4434,Recipes1M,"[""vegetable oil spray"", ""pine nuts"", ""sugar"", ""flour"", ""unsalted butter"", ""egg whites"", ""vanilla"", ""pine nuts""]"
24,1929529,Barbecued Beef Brisket Recipe,"[""One brisket, 5 to 6 pounds, trimmed"", ""3 Tbsp. Emeril's Original Essence"", ""1 1/2 tsp salt"", ""1 Tbsp. extra virgin olive oil"", ""1 quart Barbecue Sauce (recipe follows)"", ""2 c. veal stock or possibly canned low-sodium beef broth"", ""2 tsp salt Preheat the oven to 325 degrees F.""]","[""Season the brisket on both sides with the Essence and the salt."", ""Heat a large, heavy skillet or possibly large roasting pan over high heat."", ""Add in the oil and sear the meat till proportionately browned, 2 to 3 min per side."", ""Transfer to a large roasting pan and set aside."", ""Combine the barbecue sauce, veal stock, and salt in a large mixing bowl and mix well."", ""Pour the mix over the brisket and cover tightly with aluminum foil."", ""Bake for 2 1/2 hrs, then turn the meat over and continue cooking for another 2 1/2 hrs."", ""Remove from the oven and let stand for 15 min before carving."", ""Spoon the pan juices over the meat before serving.""]",cookeatshare.com/recipes/barbecued-beef-brisket-78417,Recipes1M,"[""brisket"", ""salt"", ""extra virgin olive oil"", ""Barbecue Sauce"", ""veal stock"", ""salt""]"
25,1603141,Chocolate Oinks,"[""2 1/4 cups flour"", ""1 teaspoon baking soda"", ""1 teaspoon salt"", ""2 sticks butter 1 cup"", ""3/4 cup white sugar"", ""3/4 cup brown sugar"", ""1 1/4 teaspoons vanilla"", ""2 eggs"", ""12 ounces semi sweet chocolate chips Nestle's"", ""1 package thick cut bacon at least 11 slices"", ""1/8 cup brown sugar additional, approximately""]","[""First we cook the bacon. Preheat the oven to 350 degrees. Lay the bacon on a pan with parchment or a Silpat, and sprinkle with brown sugar. Bake for about 12 minutes, flip, then bake 12 minutes more (make sure it's nice and cooked and brown). Let the bacon cool on a rack or on paper towels. Break up into pieces, and press in between more paper towels to remove all the excess grease."", ""Raise oven to 375 degrees. Beat together the butter, sugars, and vanilla. Once lightened and well combined, mix in the two eggs. Add the flour, baking soda, and salt and combine well. Stir in the bag of chocolate chips and the crumbled bacon."", ""Scoop 1 tablespoon sized balls onto a Silpat-lined or greased cookie sheet. I found the cookies took about 10 minutes to bake, but I would check after 9 to see if they are done. Let cool, or enjoy while they are warm and fuzzy.""]",www.yummly.com/recipe/Chocolate-Oinks-1652748,Gathered,"[""flour"", ""baking soda"", ""salt"", ""butter"", ""white sugar"", ""brown sugar"", ""vanilla"", ""eggs"", ""\u2019s"", ""bacon"", ""brown sugar""]"
26,28277,Extra Flaky Pie Crust,"[""3 c. flour"", ""1 tsp. salt"", ""1 Tbsp. vinegar"", ""1 1/4 c. lard"", ""1 egg, well beaten"", ""5 Tbsp. water""]","[""Blend flour, lard and salt; beat the egg and add the vinegar and the water to it and mix.""]",www.cookbooks.com/Recipe-Details.aspx?id=1063099,Gathered,"[""flour"", ""salt"", ""vinegar"", ""lard"", ""egg"", ""water""]"
27,228937,Bacon Quiche Biscuit Cups,"[""1 (8 oz.) cream cheese, softened"", ""2 Tbsp. milk"", ""2 eggs"", ""1/2 c. shredded Swiss cheese"", ""2 Tbsp. chopped green onion"", ""1 (10 oz.) can refrigerator flaky biscuits"", ""5 slices bacon, crisply cooked and finely crumbled""]","[""In small bowl, beat cream cheese, milk and eggs on low speed until smooth."", ""Stir in Swiss cheese and onions; set aside.""]",www.cookbooks.com/Recipe-Details.aspx?id=297855,Gathered,"[""cream cheese"", ""milk"", ""eggs"", ""Swiss cheese"", ""green onion"", ""refrigerator flaky"", ""bacon""]"
28,1905565,Pasta with Anchovies and Tomatoes,"[""1 pound bowtie-shaped pasta (farfalle)"", ""3/4 cup finely chopped onion"", ""1 garlic clove, minced"", ""2 tablespoons olive oil"", ""a 2-ounce can flat anchovy fillets, drained and minced"", ""a 28- to 32-ounce can tomatoes, drained, reserving juice, and chopped"", ""1 tablespoon balsamic vinegar"", ""1/2 teaspoon dried hot red pepper flakes"", ""2 tablespoons drained capers, chopped"", ""2 ounces thinly sliced prosciutto, chopped (about 1/2 cup)"", ""1/4 cup finely chopped fresh basil or parsley leaves (wash and dry before chopping), or to taste"", ""Accompaniment: freshly grated Parmesan""]","[""In a 6-quart kettle bring 5 quarts salted water to a boil for pasta."", ""In a large skillet cook onion and garlic in oil over moderately low heat, stirring, until onion is softened."", ""Add anchovies and cook, stirring, 1 minute."", ""Add tomatoes with reserved juice, vinegar, and red pepper flakes and cook, stirring occasionally, until slightly thickened."", ""Add capers, prosciutto, basil or parsley, and salt and pepper to taste and keep warm."", ""Cook pasta in boiling water until al dente and drain in a colander."", ""In a large bowl toss pasta with sauce and serve with Parmesan.""]",www.epicurious.com/recipes/food/views/pasta-with-anchovies-and-tomatoes-13602,Recipes1M,"[""pasta"", ""onion"", ""garlic"", ""olive oil"", ""flat anchovy"", ""tomatoes"", ""balsamic vinegar"", ""capers"", ""fresh basil"", ""Accompaniment""]"
29,1008292,Mustard Plus Glazed Pork Chops,"[""3 tablespoons orange marmalade"", ""2 tablespoons soy sauce"", ""1 teaspoon Dijon mustard (coarse grained preferred)"", ""1/4 teaspoon crushed red pepper flakes (optional)"", ""1/4 cup water"", ""4 center cut pork loin chops with bone (1/2 inch thick)"", ""pepper"", ""1 teaspoon lite olive oil or 1 teaspoon vegetable oil"", ""1/2 cup thin sliced green onion"", ""orange, sliced for garnish""]","[""Combine mustard, marmalade, soy sauce, hot pepper flakes."", ""Stir in the water and set aside."", ""Warm oil in pan over medium heat."", ""Season pork chops with black pepper, and increase heat to medium-high."", ""Brown the chops (about 2 minutes each side)."", ""Spoon mustard/marmalade mixture over the chops and bring to a boil."", ""Cover and simmer until done, about 15 minutes."", ""Stir in the green onions."", ""Place chops on a platter and garnish with orange slices.""]",www.food.com/recipe/mustard-plus-glazed-pork-chops-10338,Gathered,"[""orange marmalade"", ""soy sauce"", ""red pepper"", ""water"", ""center"", ""pepper"", ""olive oil"", ""thin sliced green onion"", ""orange""]"
30,1238282,Simple Ranch Beans,"[""2 (15 ounce) cans ranch style beans"", ""1 (15 ounce) can baked beans"", ""1 large green bell pepper, chopped"", ""1 large onion, chopped"", ""1/2 lb bacon, cooked and crumbled""]","[""Saute pepper and onion for 8 to 10 minutes. Add all ingredients to crock pot and cook on low for 4 to 6 hours."", ""Add salt and pepper to taste."", ""My friend Sheri usually adds a chopped jalepeno pepper for spicier beans.""]",www.food.com/recipe/simple-ranch-beans-115955,Gathered,"[""ranch style beans"", ""beans"", ""green bell pepper"", ""onion"", ""bacon""]"
31,716739,Chocolate Cookies(No Bake)  ,"[""2 c. sugar"", ""1/2 c. butter or margarine"", ""1/2 c. milk"", ""5 Tbsp. cocoa"", ""3 c. quick cooking oatmeal"", ""1 c. walnut meats"", ""1/2 tsp. vanilla""]","[""Mix and cook together for one minute the sugar, butter and milk."", ""Remove from heat and add cocoa, oats and nuts."", ""Add vanilla and stir until it can be dropped from a spoon onto wax paper.""]",www.cookbooks.com/Recipe-Details.aspx?id=487207,Gathered,"[""sugar"", ""butter"", ""milk"", ""cocoa"", ""oatmeal"", ""walnut meats"", ""vanilla""]"
32,2187257,Spinach and Rice Casserole,"[""12 cup rice, uncooked"", ""1 cup butter"", ""13 cup flour"", ""1 quart half-and-half or 1 quart milk"", ""3 eggs"", ""2 lbs spinach, cooked,drained and chopped"", ""14 cup green onion, chopped"", ""1 12 cups feta cheese, crumbled"", ""14 cup parmesan cheese"", ""1 tablespoon paprika"", ""salt and pepper""]","[""Set oven to 350 degrees."", ""Grease a 13\"" x 9\"" baking pan."", ""Cook 1-1/2 cups rice according to directions; set aside."", ""In a heavy-bottomed saucepan, melt 1 cup butter; add in flour, stir until thoroughly mixed (about 2 minutes), allow to cool slightly."", ""In the microwave, heat the half and half until just to boiling or to a\""simmer\"" (I do this in the microwave so that the milk doesn't scald bottom of pot, but you could simmer it in the pot, just watch not to burn bottom of pot!"", "")."", ""Pour in the simmering half and half into a saucepan."", ""Add flour mixture into the milk mixture a little at a time, whisking to break up all the lumps."", ""Then whisk in the eggs, until creamy and smooth (about 10-15 minutes)."", ""Place the cooked and drained spinach in bottom of casserole dish."", ""Add rice, Feta cheese and green onions spreading evenly over spinach."", ""Sprinkle with salt and pepper to taste."", ""Pour the cream sauce over the top."", ""Sprinkle with Parmesan cheese and paprika."", ""Bake for 20-25 minutes.""]",www.food.com/recipe/spinach-and-rice-casserole-81382,Recipes1M,"[""rice"", ""butter"", ""flour"", ""milk"", ""eggs"", ""spinach"", ""green onion"", ""feta cheese"", ""parmesan cheese"", ""paprika"", ""salt""]"
33,135633,Barbecue Sauce,"[""1 large onion, finely chopped"", ""3 Tbsp. margarine"", ""1/2 c. brown sugar"", ""1/2 c. steak sauce"", ""1 garlic clove (optional)"", ""1 (16 oz.) bottle ketchup"", ""1/2 c. lemon juice"", ""1 Tbsp. salt""]","[""Mix all ingredients in a bowl."", ""Cover with Saran Wrap."", ""Cook on High for 10 minutes in microwave, stirring after the first 5 minutes."", ""No mess to clean up!!""]",www.cookbooks.com/Recipe-Details.aspx?id=602817,Gathered,"[""onion"", ""margarine"", ""brown sugar"", ""steak sauce"", ""garlic"", ""ketchup"", ""lemon juice"", ""salt""]"
34,584007,Cornish Game Hen (With Wild Rice),"[""2 Cornish game hens"", ""1 box chicken flavored wild rice (wild and white mixed or wild and brown mixed)"", ""1/2 c. raisins (optional)"", ""some salt (for flavoring)""]","[""Wash game hens."", ""Sprinkle with salt (including the inside of cavity as well as entire outside of bird)."", ""Prepare rice according to directions on the box."", ""When rice is done, add raisins and mix together."", ""Stuff each hen with mixture and wrap in foil or place in roasting pan."", ""Bake at 350\u00b0 for 45 minutes."", ""Baste each bird with melted butter."", ""Leave in oven until golden brown and tender, usually 15 to 20 minutes longer.""]",www.cookbooks.com/Recipe-Details.aspx?id=587964,Gathered,"[""Cornish game hens"", ""chicken"", ""raisins"", ""salt""]"
35,350469,Pull-Apart Rolls,"[""2 sweet roll dough (can use white)"", ""cinnamon"", ""nuts"", ""1/4 c. milk or cream"", ""1 stick butter or margarine"", ""1 c. brown sugar"", ""1 pkg. vanilla pudding (not instant)""]","[""Break first roll into bite size pieces so they don't touch each other."", ""Sprinkle with cinnamon and nuts."", ""Heat milk, butter, brown sugar and pudding mix until well blended."", ""Pour half over bottom layer of dough."", ""Repeat with second roll of dough."", ""Sprinkle cinnamon and nuts on top."", ""Let raise approximately 2 hours."", ""Bake in a 350\u00b0 oven for 30 minutes.""]",www.cookbooks.com/Recipe-Details.aspx?id=920593,Gathered,"[""sweet roll"", ""cinnamon"", ""nuts"", ""milk"", ""butter"", ""brown sugar"", ""vanilla pudding""]"
36,173257,Mostaccioli,"[""1/2 lb. ground beef"", ""1/2 c. chopped green pepper"", ""1/2 c. chopped onion"", ""1 lb. can tomatoes"", ""1 (6 oz.) can tomato paste"", ""1/2 c. water"", ""1 bay leaf"", ""salt and pepper"", ""8 oz. box mostaccioli noodles (or other style noodles), cooked and drained"", ""1/2 lb. Velveeta cheese"", ""Parmesan cheese""]","[""Heat oven to 350\u00b0."", ""Brown meat; add green pepper and onion. Cook until tender; drain."", ""Stir in tomatoes, paste, water and seasonings."", ""In a 2-quart dish, layer half of the noodles, meat sauce and sliced Velveeta cheese."", ""Repeat layers."", ""Sprinkle with Parmesan cheese."", ""Bake for 30 minutes.""]",www.cookbooks.com/Recipe-Details.aspx?id=1035664,Gathered,"[""ground beef"", ""green pepper"", ""onion"", ""tomatoes"", ""tomato paste"", ""water"", ""bay leaf"", ""salt"", ""mostaccioli noodles"", ""Velveeta cheese"", ""Parmesan cheese""]"
37,172335,Balsamic Vinegar Marinade,"[""1/2 c. balsamic vinegar"", ""1/4 c. red wine vinegar"", ""2 Tbsp. soy sauce"", ""1/4 c. steak sauce (A.1., Lea & Perrins, etc.)"", ""1 to 2 Tbsp. lemon pepper""]","[""Place meat in mixture; let sit 1 hour."", ""Baste meat with mixture while cooking."", ""After initial marinade, the mixture can be thickened to taste to be used as a sauce to be served with the meat.""]",www.cookbooks.com/Recipe-Details.aspx?id=907950,Gathered,"[""balsamic vinegar"", ""red wine vinegar"", ""soy sauce"", ""steak sauce"", ""lemon pepper""]"
38,812653,Catatini,"[""1 pkg. pepperoni"", ""1 lb. ground meat"", ""1 jar spaghetti sauce"", ""1 pkg. shredded cheese"", ""1 pkg. elbow noodles"", ""salt and pepper to taste""]","[""Boil your noodles until tender; drain."", ""Brown meat until done; drain."", ""Mix all ingredients."", ""Put in casserole dish; bake at 350\u00b0 for 25 minutes."", ""Add cheese."", ""Put back in oven until cheese is melted.""]",www.cookbooks.com/Recipe-Details.aspx?id=263903,Gathered,"[""pepperoni"", ""ground meat"", ""spaghetti sauce"", ""shredded cheese"", ""elbow noodles"", ""salt""]"
39,9330,Meat Loaf,"[""1 1/2 lb. ground beef"", ""1/2 c. fresh bread crumbs"", ""1 onion, finely chopped"", ""1 egg"", ""1 1/2 tsp. salt"", ""1/4 tsp. pepper"", ""2 (8 oz.) cans Hunt's tomato sauce"", ""1/2 c. water"", ""3 Tbsp. vinegar"", ""3 Tbsp. brown sugar"", ""2 Tbsp. Worcestershire sauce"", ""2 Tbsp. mustard""]","[""Mix together the beef, bread crumbs, onion, beaten egg, salt, pepper and 1/2 can of tomato sauce; form into small loaves and put in shallow pan.""]",www.cookbooks.com/Recipe-Details.aspx?id=367282,Gathered,"[""ground beef"", ""bread crumbs"", ""onion"", ""egg"", ""salt"", ""pepper"", ""tomato sauce"", ""water"", ""vinegar"", ""brown sugar"", ""Worcestershire sauce"", ""mustard""]"
40,1691409,Black Chocolate Cake Recipe,"[""2 c. Flour"", ""2 c. Sugar"", ""1 c. Baking cocoa"", ""1 pch Salt"", ""8 Tbsp. Salad oil (up to 10)"", ""2 tsp Baking soda"", ""2 c. Boiling water"", ""1 x Egg"", ""1 tsp Vanilla (up to 2)"", ""3 c. Flour"", ""3 c. Sugar"", ""1 1/2 c. Baking cocoa"", ""1 pch Salt"", ""14 Tbsp. salad oil (up to 15)"", ""3 tsp Baking soda"", ""3 c. Boiling water"", ""2 x Large eggs"", ""2 1/2 tsp Vanilla"", ""3 Tbsp. Flour"", ""1/2 c. Lowfat milk"", ""1/2 c. Shortening"", ""1/2 c. Sugar"", ""1/2 tsp Vanilla (up to 1)"", ""1 pch Salt""]","[""Mix flour, sugar and cocoa in a large bowl."", ""Add in a healthy pinch of salt and stir again."", ""Add in oil and stir well."", ""Put baking soda in another bowl.Add in boiling water, stir and quickly add in to ingredients in large bowl; stir well."", ""Drop in egg/s and stir again."", ""Add in vanilla and stir."", ""Bake in greased & floured pan at 350 for about 1 hour."", ""Groh's Frosting: Put flour in saucepan."", ""Gradually add in lowfat milk to flour."", ""Heat over low flame, stirring constantly, till mix forms a paste."", ""Cold well."", ""Beat shortening and sugar with electric mixer till well blended."", ""Add in cooled flour/lowfat milk paste."", ""Beat with mixer till light and fluffy, about 5 min."", ""Aadd healthy pinch of salt and vanilla."", ""* I usually make 1 1/2 recipe for the 13x9 size cake""]",cookeatshare.com/recipes/black-chocolate-cake-85733,Recipes1M,"[""Flour"", ""Sugar"", ""Baking cocoa"", ""Salt"", ""Salad oil"", ""Baking soda"", ""Boiling water"", ""Egg"", ""Vanilla"", ""Flour"", ""Sugar"", ""Baking cocoa"", ""Salt"", ""salad oil"", ""Baking soda"", ""Boiling water"", ""eggs"", ""Vanilla"", ""Flour"", ""milk"", ""Shortening"", ""Sugar"", ""Vanilla"", ""Salt""]"
41,808413,Pizza Casserole,"[""1/2 lb. hamburger or pepperoni or both, browned and drained"", ""2 c. macaroni or pasta, cooked and drained"", ""10 oz. jar pizza sauce"", ""6 oz. can tomato paste"", ""10 oz. can water"", ""4 oz. Mozzarella cheese, grated""]","[""Mix all ingredients together and place in uncovered casserole dish."", ""Bake at 350\u00b0 for 45 minutes."", ""Can be easily doubled.""]",www.cookbooks.com/Recipe-Details.aspx?id=265155,Gathered,"[""hamburger"", ""macaroni"", ""pizza sauce"", ""tomato paste"", ""water"", ""Mozzarella cheese""]"
42,1530671,Savory Wheat Crescents,"[""1 package (1/4 ounce) active dry yeast"", ""1/2 cup warm water (110\u00b0 to 115\u00b0)"", ""8-1/2 teaspoons honey, divided"", ""2 cups whole wheat flour"", ""3/4 cup warm milk (110\u00b0 to 115\u00b0)"", ""6 tablespoons butter, softened, divided"", ""1 egg"", ""1 teaspoon salt"", ""1-3/4 to 2-1/4 cups all-purpose flour"", ""1/4 cup grated Parmesan cheese"", ""1/4 teaspoon garlic salt""]","[""In a large bowl, dissolve yeast in warm water. Stir in 2 teaspoons honey; let stand for 5 minutes. Add the whole wheat flour, milk, 2 tablespoons butter, egg, salt, remaining honey and 1 cup all-purpose flour. Beat on medium speed for 3 minutes. Stir in enough remaining all-purpose flour to form a soft dough."", ""Turn onto a floured surface; knead until smooth and elastic, about 6-8 minutes. Place in a greased bowl, turning once to grease top. Cover and let rise in a warm place until doubled, about 1 hour."", ""Punch dough down. Knead on a floured surface for 30 seconds. Roll into a 12-in. circle. Melt remaining butter; brush over dough. Combine Parmesan cheese and garlic salt; sprinkle over dough."", ""Cut into 16 wedges. Roll up wedges from the wide end and place with pointed end down on greased"", "". Curve ends to form a crescent shape. Cover and let rise in a warm place until doubled, about 20 minutes."", ""Bake at 400\u00b0 for 12-15 minutes or until golden brown. Remove from pans to wire racks to cool.""]",www.tasteofhome.com/recipes/savory-wheat-crescents/,Gathered,"[""active dry yeast"", ""warm water"", ""honey"", ""whole wheat flour"", ""warm milk"", ""butter"", ""egg"", ""salt"", ""flour"", ""Parmesan cheese"", ""garlic salt""]"
43,2181478,Creamy Date & Honey Spread,"[""1 pkg. (8 oz.) PHILADELPHIA Cream Cheese, softened"", ""3 Tbsp. honey"", ""1/2 tsp. ground cinnamon"", ""3/4 cup finely chopped dates""]","[""Beat cream cheese, honey and cinnamon in medium bowl with mixer until blended."", ""Stir in dates."", ""Refrigerate 1 hour.""]",www.kraftrecipes.com/recipes/creamy-date-honey-spread-146284.aspx,Recipes1M,"[""PHILADELPHIA Cream Cheese"", ""honey"", ""ground cinnamon"", ""dates""]"
44,507774,Bean And Corn Casserole,"[""1 can Shoe Peg corn"", ""1 can French cut green beans"", ""1/2 c. grated cheese"", ""1/2 c. onions, chopped"", ""1 can cream of celery soup"", ""1/2 c. sour cream"", ""1 roll Ritz crackers, crushed"", ""1/2 c. slivered almonds"", ""1 stick margarine""]","[""Mix corn and beans."", ""Put in greased casserole dish."", ""Mix cheese, onions, soup and sour cream."", ""Spread over beans and corn. Sprinkle crackers and almonds over mixture. Drizzle butter over crackers."", ""Bake on 350\u00b0 for 1 hour.""]",www.cookbooks.com/Recipe-Details.aspx?id=1065724,Gathered,"[""Peg corn"", ""green beans"", ""grated cheese"", ""onions"", ""cream of celery soup"", ""sour cream"", ""roll"", ""almonds"", ""margarine""]"
45,1377734,Smoky Butternet Squash And Apple Soup,"[""1 medium butternut squash, peeled, seeded and cut into large dice"", ""2 medium red apples (look for sweet/tart and crisp), peeled, cored and cut into large dice"", ""1 teaspoon lemon juice"", ""1 small onion, diced"", ""1 medium clove garlic, minced"", ""11/2 teaspoons coarse salt"", ""11/2 teaspoons ground cumin"", ""1/2 teaspoon ground coriander"", ""1/2 teaspoon smoky Spanish paprika"", ""2 cups chicken or vegetable stock"", ""11/2 cups water"", ""Salt and pepper, to taste"", ""1 sprig cilantro, optional for garnish"", ""4 tablespoons light sour cream, optional for garnish""]","[""Preheat oven to 425\u00b0F."", ""Toss diced squash with 1 Tbsp of olive oil and spread out on foil-lined baking sheet. Lightly sprinkle pinch of coarse salt over squash. Cook for 30-40 minutes, until squash is fork tender and lightly caramelized."", ""While squash is cooking, toss diced apple with lemon juice, and set aside."", ""Heat olive oil over medium-low heat and add onion. Saute for 3-4 minutes, until translucent. Add garlic, salt and spices and saute for 2-3 more minutes, being careful not to burn garlic."", ""Add apples, water and stock, bring to a boil, then reduce heat and simmer until apples are fork tender, about 10 minutes."", ""Puree roasted squash in batches with the apple mixture, in a food processor or blender, until smooth, and return to saucepan. Season with additional salt and pepper, to taste. Heat over low, thinning with more water if necessary to get desired consistency, for 5-7 minutes before serving."", ""To serve, ladle into shallow bowls, and top each serving with 1 Tbsp of light sour cream (optional) and a sprig of cilantro (optional). For some extra color and flavor, sprinkle some additional smoky paprika over the soup.""]",food52.com/recipes/14617-smoky-butternet-squash-and-apple-soup,Gathered,"[""butternut squash"", ""red apples"", ""lemon juice"", ""onion"", ""clove garlic"", ""coarse salt"", ""ground cumin"", ""ground coriander"", ""smoky Spanish paprika"", ""chicken"", ""water"", ""Salt"", ""cilantro"", ""light sour cream""]"
46,1740666,Grilled Shrimp,"[""4 cloves Garlic, Roasted"", ""1 Tablespoon Olive Oil"", ""2 teaspoons Dried Mint Leaves, Divided"", ""17 whole Raw Shrimp"", ""2 teaspoons Fish Sauce"", ""6 teaspoons Cold Water"", ""1 teaspoon Hoisin Sauce"", ""1/4 teaspoons Chili Garlic Sauce"", ""2 teaspoons Maple Syrup"", ""1 teaspoon Lime Juice""]","[""Start preparing a day in advance."", ""Crush the garlic cloves with a fork."", ""Mix in the oil and the 1 teaspoon of dried mint then add the raw shrimp and let marinate overnight."", ""In another bowl with a cover, mix all the sauce ingredients (fish sauce, water, Hoisin sauce, chili garlic sauce, maple syrup and lime juice) and keep in the fridge till the next day."", ""When youre ready to eat them the next day, start the grill or heat your pan and cook your shrimp for 2-3 minutes."", ""Enjoy!""]",tastykitchen.com/recipes/appetizers-and-snacks/grilled-shrimp/,Recipes1M,"[""Garlic"", ""Olive Oil"", ""Mint Leaves"", ""Shrimp"", ""Fish Sauce"", ""Water"", ""Hoisin Sauce"", ""Garlic Sauce"", ""Maple Syrup"", ""Lime Juice""]"
47,1805102,Nana's Bun-On-A-Stick,"[""3 cups flour"", ""12 cup cornmeal"", ""12 cup skim milk powder"", ""14 cup sugar"", ""1 tablespoon baking powder"", ""12 teaspoon salt"", ""13 cup butter or 13 cup margarine""]","[""Cut butter or margerine into dry ingredients."", ""Mix well."", ""Store in a ziploc bag in the fridge or freezer until ready to use."", ""Excellent for camping."", ""Great for breading fish."", ""For Bun-on-a-stick; 1 cup mix and 1/4 c water or milk."", ""Mix until just combined."", ""Peel sticks, wrap small amount of dough around the peeled stick."", ""Roast in campfire."", ""Add butter, jam &/or maple syrup."", ""For pancakes: 1 c mix & 2/3 c water or milk."", ""Stir until moistened."", ""Cook on a well-seasoned cast iron pan or griddle."", ""Makes excellent pancakes."", ""* Take out the sugar is you want them less sweet & more savoury."", ""** More than a delicious substitute for pancakes & biscuits, bun-on-a-stick is a recipe for memories."", ""Eating it takes me back to reunions past when Auntie Amy (your great Nana Liam), Auntie Marlene, & Auntie Cheryl would prepare this for all the kids."", ""Watching it cook on our freshly peeled sticks fed our imaginations & created heartfelt memories that will last a lifetime.""]",www.food.com/recipe/nanas-bun-on-a-stick-509983,Recipes1M,"[""flour"", ""cornmeal"", ""milk powder"", ""sugar"", ""baking powder"", ""salt"", ""butter""]"
48,1610498,Jalapeno Salsa Dona,"[""12 jalapenos LARGE"", ""6 cloves roasted garlic"", ""1/4 cup olive oil"", ""1 tablespoon rice wine vinegar"", ""salt TO TASTE""]","[""Rinse the jalapenos and arrange them on a baking sheet."", ""Turn the oven to broil."", ""Roast the peppers under the broiler until lightly browned turning so all sides are browned."", ""Turn off the heat and let the peppers sit for about 10 minutes."", ""Stem the peppers and remove the seeds. Remove the skin."", ""Place the peppers, garlic, olive oil and rice wine vinegar in a blender or food processor."", ""Blend until smooth and silky. Salt to taste."", ""The jalapenos and olive oil will turn into a silky smooth paste."", ""Depending on the size of your jalapenos and preference, add more salt and vinegar to taste.""]",www.yummly.com/recipe/Jalapeno-Salsa-Dona-1660799,Gathered,"[""garlic"", ""olive oil"", ""rice wine vinegar"", ""salt""]"
49,1207361,Praline Brownies,"[""1 (20 ounce) box regular fudge brownie mix (13x9 pan size)"", ""1/4 cup water"", ""1/2 cup softened butter or 1/2 cup margarine"", ""3 eggs"", ""1/2 cup firmly packed brown sugar"", ""1/2 cup chopped pecans"", ""2 tablespoons margarine, melted""]","[""Heat over to 350."", ""Mix brownies as directed on package only use water, 1/2 cup butter and 3 eggs."", ""Spread into greased 13x9 pan."", ""Mix remaining ingredients."", ""Sprinkle over brownie dough."", ""Bake 25-30 minutes or until toothpick inserted 2 inches from side comes out clean."", ""Cool and cut into bars.""]",www.food.com/recipe/praline-brownies-105553,Gathered,"[""regular fudge brownie mix"", ""water"", ""butter"", ""eggs"", ""brown sugar"", ""pecans"", ""margarine""]"
50,1540965,Freah Lemonade With Raw Honey,"[""1/2 cups Raw Honey"", ""4 cups Water"", ""1 cup Lemon Juice, Freshly Squeezed"", ""2 Tablespoons Fresh Ginger, Grated"", ""2 Tablespoons Fresh Mint, Chopped""]","[""Stir honey into water to dissolve. Add lemon juice, ginger, and mint, making sure they have been well pressed to release their juices."", ""Strain the lemonade. Serve over ice, and garnish with fresh mint.""]",tastykitchen.com/recipes/drinks/freah-lemonade-with-raw-honey/,Gathered,"[""Honey"", ""Water"", ""Lemon Juice"", ""Fresh Ginger"", ""Fresh Mint""]"
51,1965665,Triple-Citrus Cupcakes,"[""3 1/3 cups all-purpose flour"", ""2 teaspoons coarse salt"", ""1 pound (4 sticks) unsalted butter, room temperature"", ""2 cups sugar"", ""3 tablespoons finely grated lemon zest (from 3 lemons)"", ""3 tablespoons finely grated orange zest (from 2 oranges)"", ""3 tablespoons finely grated lime zest, plus more for garnish (from about 3 limes)"", ""1 teaspoon pure vanilla extract"", ""9 large eggs, room temperature"", ""Citrus Glaze (made with lime juice and zest; page 315)""]","[""Preheat oven to 325F."", ""Line standard muffin tins with paper liners."", ""Whisk together flour and salt."", ""With an electric mixer on medium-high speed, cream butter and sugar until pale and fluffy, scraping down sides of bowl every few minutes."", ""Add citrus zests."", ""Reduce speed to medium, and add vanilla."", ""Add eggs, three at a time, beating until incorporated, scraping down sides of bowl as needed."", ""Reduce speed to low."", ""Add flour mixture in four batches, beating until completely incorporated after each."", ""Divide batter evenly among lined cups, filling each three-quarters full; tap pans on countertop once to distribute batter."", ""Bake, rotating tins halfway through, until a cake tester inserted in centers comes out clean, about 20 minutes."", ""Transfer tins to wire racks to cool 10 minutes; turn out cupcakes onto racks and let cool completely."", ""Cupcakes can be stored up to 2 days at room temperature, or frozen up to 2 months, in airtight containers."", ""To finish, dip tops of cupcakes in glaze, then turn over quickly and garnish with zest."", ""Cupcakes are best eaten the day they are glazed; keep at room temperature until ready to serve.""]",www.epicurious.com/recipes/food/views/triple-citrus-cupcakes-389992,Recipes1M,"[""flour"", ""coarse salt"", ""unsalted butter"", ""sugar"", ""lemon zest"", ""orange zest"", ""lime zest"", ""vanilla"", ""eggs"", ""lime juice""]"
52,1563945,Blackberry And Mint Chocolate Muffins,"[""2/3 cups Cocoa Powder"", ""1-3/4 cup Flour"", ""1-1/4 cup Brown Sugar"", ""1 teaspoon Baking Powder"", ""1 teaspoon Baking Soda"", ""3/4 teaspoons Salt"", ""2 whole Large Eggs"", ""1 cup Milk"", ""2 teaspoons Vanilla"", ""2 teaspoons Vinegar"", ""1 cup Butter, Melted"", ""1 cup Fresh Blackberries, Halved"", ""1 Tablespoon Fresh Spearmint, Chopped""]","[""Preheat oven to 400\u00b0F."", ""Whisk together all of the dry ingredients (cocoa powder through salt) in a medium-sized mixing bowl. In a separate, smaller bowl, combine eggs, milk, vanilla and vinegar. Add wet ingredients into dry, adding the melted butter as well. Whisk just to combine, not worrying about any small lumps that may exist in the batter. Fold in blackberries and chopped mint."", ""Spoon the batter into two 12-count baking cup lined muffin tins and bake in at 400\u00b0F for 20 minutes."", ""(Recipe adapted from Dorie Greenspan.)""]",tastykitchen.com/recipes/breads/blackberry-and-mint-chocolate-muffins/,Gathered,"[""Cocoa"", ""Flour"", ""Brown Sugar"", ""Baking Powder"", ""Baking Soda"", ""Salt"", ""Eggs"", ""Milk"", ""Vanilla"", ""Vinegar"", ""Butter"", ""Fresh Blackberries"", ""Fresh Spearmint""]"
53,368754,Texas Pralines,"[""2 c. granulated sugar"", ""1 tsp. baking soda"", ""1 c. buttermilk"", ""2 c. pecan halves"", ""1 tsp. vanilla"", ""1 Tbsp. butter""]","[""Use a large pot, the candy needs lots of room to bubble."", ""Pour the buttermilk, sugar and baking soda into the pot."", ""Stir the mixture until the sugar is completely dissolved, then place the pot on low to medium heat and let it boil to a soft ball stage, stirring constantly."", ""(Soft ball means dipping a spoon into the candy and letting a small amount drip into cool water."", ""If you can form the syrup into a soft ball with your fingers, it is ready.) The mixture will turn a brownish color, but don't worry, it is supposed to."", ""Once the soft ball stage is reached, remove from heat, then add 2 cups of pecan halves, then the vanilla and butter. Beat the mixture briskly until it becomes glossy and starts to get very thick."", ""Quickly spoon onto greased wax paper, making little patties."", ""Pecan halves may be turned right side up."", ""Let the candy completely cool before removing it from the paper.""]",www.cookbooks.com/Recipe-Details.aspx?id=708652,Gathered,"[""sugar"", ""baking soda"", ""buttermilk"", ""pecan halves"", ""vanilla"", ""butter""]"
54,1101014,French Meringue Strips,"[""3 cups flour"", ""3/4 cup sugar"", ""1/2 teaspoon salt"", ""1 cup butter or 1 cup margarine"", ""2 egg yolks (slightly beaten)"", ""1/8 teaspoon cream of tartar"", ""2 cups powdered sugar"", ""1 teaspoon vanilla"", ""2 egg whites"", ""2 teaspoons sugar"", ""1/2 teaspoon cinnamon"", ""1 1/2 cups slivered almonds (blanched or unblanched)""]","[""In a large bowl, mix together the flour, sugar and salt."", ""Cut in the butter (at room temperature) until particles are the size of small peas. Mix in the egg yolks slightly mixed with enough water to measure 1/3 cup."", ""Sprinkle this over the flour mixture, tossing lightly with a fork until the dough is moist enough to hold together."", ""Form into a ball and chill while making the meringues."", ""Meringue: Beat the egg whites with the cream of tartar for one minute."", ""Gradually add the powdered sugar, beating constantly."", ""Mix in the vanilla."", ""Cover with plastic wrap while rolling out the dough."", ""Roll out the chilled dough on a floured board, pastry cloth or waxed paper."", ""Shape to approximately a 20 x 15 inch rectangle."", ""Spread on the merigue."", ""Combine the sugar, cinnamon and almonds."", ""Sprinkle over the meringue."", ""Press in lightly with a spatula."", ""Cut dough with spatula or sharp knife into 3 x 1 inch strips."", ""Place on ungreased bake sheet."", ""Bake in a 350 degree oven 8-10 minutes, or until they start to delicately brown.""]",www.food.com/recipe/french-meringue-strips-234299,Gathered,"[""flour"", ""sugar"", ""salt"", ""butter"", ""egg yolks"", ""cream of tartar"", ""powdered sugar"", ""vanilla"", ""egg whites"", ""sugar"", ""cinnamon""]"
55,1123353,Puerto Rican Chicken Soup,"[""1 chicken"", ""2 carrots, diced"", ""1 tablespoon garlic powder"", ""1 green bell pepper, diced"", ""1/3 cup brown rice"", ""1 teaspoon chili powder"", ""1 (16 ounce) can tomato sauce"", ""3 garlic cloves"", ""1 teaspoon pepper"", ""6 cups water"", ""1 tablespoon cider vinegar"", ""1 onion, minced"", ""2 tablespoons olive oil"", ""1 bay leaf""]","[""in large stock pot heat oil"", ""add onion, carrots and green pepper, saute"", ""add rice, chili and pepper, saute"", ""add garlic, saute"", ""add water, garlic powder, tomato sauce, chicken, bay leaf and vinegar."", ""cook for 1 hour covered until chicken is done."", ""take chicken out and debone add chunks of chicken back inches."", ""remove bay leaves.""]",www.food.com/recipe/puerto-rican-chicken-soup-486878,Gathered,"[""chicken"", ""carrots"", ""garlic"", ""green bell pepper"", ""brown rice"", ""chili powder"", ""tomato sauce"", ""garlic"", ""pepper"", ""water"", ""cider vinegar"", ""onion"", ""olive oil"", ""bay leaf""]"
56,1032842,Sweet Potato Salad,"[""3 lbs sweet potatoes, unpeeled, diced & steamed"", ""1 cup green bell pepper, diced"", ""1/2 cup onion, finely chopped"", ""1/4 teaspoon lemon pepper"", ""1 1/4 cups mayonnaise"", ""1 dash hot pepper sauce (optional)""]","[""In a large bowl, combine the first 4 ingredients."", ""Stir in the mayonnaise (& hot pepper sauce, if using), mixing well."", ""Cover & refrigerate at least 1 hour before serving.""]",www.food.com/recipe/sweet-potato-salad-452286,Gathered,"[""sweet potatoes"", ""green bell pepper"", ""onion"", ""lemon pepper"", ""mayonnaise"", ""pepper""]"
57,331561,Sugar Cookie I,"[""1 1/2 c. brown sugar"", ""1 1/2 c. white sugar"", ""3 eggs"", ""1 1/2 c. butter or margarine"", ""4 1/2 c. flour"", ""1 1/2 tsp. baking soda"", ""1/4 tsp. vanilla extract""]","[""Cream sugars, eggs and butter."", ""Add vanilla and dry ingredients; mix thoroughly."", ""Drop teaspoonfuls on cookie sheet. Flatten with spatula dipped in water."", ""Sprinkle with white sugar and cinnamon."", ""Bake at 350\u00b0.""]",www.cookbooks.com/Recipe-Details.aspx?id=162001,Gathered,"[""brown sugar"", ""white sugar"", ""eggs"", ""butter"", ""flour"", ""baking soda"", ""vanilla extract""]"
58,1276424,Hoisin-Glazed Cornish Hen ,"[""1 (1 1/2-pound) Cornish hens"", ""Vegetable oil, for frying"", ""1/2 cup hoisin"", ""1/4 cup honey"", ""1/2 teaspoon red pepper flakes"", ""1/4 cup scallions, sliced""]","[""Directions"", """", ""Preheat oven to 350 degrees F."", """", ""In a very deep pot, bring enough oil to fill the pot by 2/3 of the way. Heat the oil to 350 degrees F."", """", ""Add the hen slowly to the oil and fry for 8 to 10 minutes on each side until golden brown and have reached an internal temperature of 165 degrees F."", """", ""Remove the hen from the oil and drain on a paper towel."", """", ""Whisk together in a large bowl, the hoisin, honey, red pepper flakes, and the scallions. Brush mixture over the cooked hen on both sides and reserve the extra sauce for dipping."", """", ""Place in oven for about 7 minutes. Take out. Flip over and brush reserved hoisin sauce on flipped side. Place in oven for another 7 minutes."", """", ""Recipe courtesy Aaron McCargo Jr.""]",www.epicurious.com/recipes/member/views/hoisin-glazed-cornish-hen-53014801,Gathered,"[""Cornish hens"", ""Vegetable oil"", ""hoisin"", ""honey"", ""red pepper"", ""scallions""]"
59,1223674,Chicken With Mango And Asparagus,"[""1 lb boneless skinless chicken breast, cut into bite-size cubes"", ""1 large egg white, lightly beaten"", ""1 tablespoon cornstarch"", ""2 1/2 tablespoons vodka"", ""1/2 tablespoon canola oil"", ""1/2 cup dry white wine"", ""1 tablespoon low sodium soy sauce"", ""1/2 cup low sodium chicken broth"", ""vegetable oil cooking spray"", ""3 scallions, white part and 2 inches green,cut into 1 inch pieces"", ""1 clove garlic, minced"", ""2 inches fresh ginger, peeled and julienned"", ""1/2 red bell pepper, 3 oz seeded and julienned"", ""6 ounces thin asparagus, cut into 2 inch pieces"", ""1 small ripe mango, 4 oz peeled and cut into chunks""]","[""Place the cubed chicken in a bowl."", ""Add the egg white, cornstarch, vodka, and canola oil."", ""Stir to coat the chicken, then set aside to marinate while you prepare the rest of the recipe."", ""Combine the white wine, soy sauce and chicken stock in a pitcher."", ""Heat a large non stick skillet and spray it with cooking oil."", ""Add the marinated chicken and cook over high heat until lightly browned."", ""Add the scallions, garlic, ginger, red pepper, and asparagus and stir fry for another minute."", ""Slowly stir in the liquid and bring to a boil so that the sauce thickens."", ""Lower the heat and stir in the mango."", ""Cook until heated through."", ""Good served over basmati rice.""]",www.food.com/recipe/chicken-with-mango-and-asparagus-64857,Gathered,"[""chicken breast"", ""egg white"", ""cornstarch"", ""vodka"", ""canola oil"", ""white wine"", ""soy sauce"", ""chicken broth"", ""vegetable oil cooking spray"", ""scallions"", ""clove garlic"", ""ginger"", ""red bell pepper"", ""thin"", ""mango""]"
60,317601,Quick Monkey Bread,"[""1/2 c. chopped pecans (optional)"", ""1/2 c. sugar"", ""1 tsp. ground cinnamon"", ""3 (10 oz.) cans refrigerated buttermilk biscuits"", ""1 c. firmly packed brown sugar"", ""1/2 c. butter or margarine, melted""]","[""Sprinkle pecans evenly in bottom of a well-greased 10-inch Bundt pan."", ""Set pan aside.""]",www.cookbooks.com/Recipe-Details.aspx?id=756058,Gathered,"[""pecans"", ""sugar"", ""ground cinnamon"", ""buttermilk"", ""brown sugar"", ""butter""]"
61,178984,Smore Pie,"[""1 graham cracker crust (9 oz.)"", ""12 oz. chocolate bar, broken in pieces"", ""6 oz. hot fudge (warm)"", ""30 regular marshmallows"", ""3/4 c. milk"", ""2 1/2 c. whipped cream (reserve 1 c. for topping)""]","[""In saucepan, place chocolate bar, milk and marshmallows."", ""Cook over low heat, stirring constantly until melted."", ""Cool."", ""Fold 1 1/2 cups whipped cream into chocolate mix."", ""Spread thin layer of warm hot fudge in bottom of pie crust."", ""Gently spoon cooked mixture into crust."", ""Top with reserved whipped cream and garnish with chocolate syrup topping."", ""Refrigerate for 3 hours.""]",www.cookbooks.com/Recipe-Details.aspx?id=1002291,Gathered,"[""graham cracker crust"", ""chocolate bar"", ""hot fudge"", ""regular marshmallows"", ""milk"", ""whipped cream""]"
62,834573,Stuffed French Toast,"[""1 (16 oz.) French bread loaf, cut into 18 slices"", ""1 (8 oz.) pkg. cream cheese, cut into 1/4-inch slices"", ""1 (3 oz.) pkg. cream cheese, cut into 1/4-inch slices"", ""12 large eggs"", ""2 c. milk"", ""1/3 c. maple syrup"", ""dash of ground cinnamon""]","[""Place 9 French bread slices in single layer in the bottom of a lightly greased 13 x 9 baking dish and top with cream cheese. Place remaining French bread slices on top of cream cheese. Whisk together eggs and the next three ingredients; pour over bread. Cover and chill for 8 hours. Remove from refrigerator and let stand at room temperature 30 minutes before baking. Bake at 350\u00b0 for 45 minutes, shielding with aluminum foil after 20 minutes to prevent excessive browning. Yield: 8 servings.""]",www.cookbooks.com/Recipe-Details.aspx?id=42156,Gathered,"[""bread"", ""cream cheese"", ""cream cheese"", ""eggs"", ""milk"", ""maple syrup"", ""ground cinnamon""]"
63,1716516,Rich Pastry Crust,"[""2 1/2 cups flour, all-purpose"", ""1 teaspoon salt"", ""1/2 cup lard"", ""1/4 cup schmaltz (chicken fat) cold"", ""6 tablespoons water""]","[""Combine flour and salt."", ""Cut in lard and reserved cold chicken fat until size of small peas."", ""Add water by tablespoons, tossing with fork until all flour is moistened and dough forms ball.""]",recipeland.com/recipe/v/rich-pastry-crust-5470,Recipes1M,"[""flour"", ""salt"", ""lard"", ""chicken"", ""water""]"
64,2179744,Great Baguette,"[""2 packages yeast, active dry (quick rise)"", ""3 cups whole wheat flour"", ""1/2 tablespoon sugar"", ""1 cup flour, unbleached all-purpose white"", ""13 cup water warm"", ""1 x cornmeal"", ""1 teaspoon salt (more or less)"", ""1 cup water""]","[""Melt the yeast, sugar, 13 cup warm water in a bowl and set aside."", ""Mix the flours, salt, in a bowl, add the yeast mix, and then the water."", ""Mix the dough until smooth, about 5 minutes."", ""Let rise covered with a damp cloth for one hour."", ""Punch down, and divide into two or four loaves, then slice tops about 2 inch across, 1/4 inch deep."", ""Place in cold oven set to 350F (180C) F for one hour."", ""For crustier bread, place a pan of water on the bottom of the stove for first 30 minutes, then remove."", ""Also, you can brush the loaves with a mixture of egg-white and 1/2 cup water after 50 minutes.""]",recipeland.com/recipe/v/great-baguette-39665,Recipes1M,"[""yeast"", ""whole wheat flour"", ""sugar"", ""flour"", ""water"", ""cornmeal"", ""salt"", ""water""]"
65,1059409,Easy Bake Oven Orange Cake Mix,"[""1 cup sugar"", ""1 1/2 cups flour"", ""1 teaspoon baking soda"", ""1/2 teaspoon salt"", ""1 teaspoon orange unsweetened flavored drink mix (Kool-aid)"", ""1/3 cup shortening""]","[""In a medium bowl, combine sugar, flour, baking soda, salt and drink powder. Stir with a wire whisk until blended. With a pastry blender, cut in shortening until evenly distributed and mixture resembles corn meal."", ""Spoon about 1/3 cup mixture into each of 10 small containers or ziploc bags. Seal bags tightly. Label with date and contents."", ""Store in a cool dry place. Use within 12 weeks."", ""Makes 10 packages Cake Mix."", ""----------------------------."", ""TO USE:."", ""1 pkg. Children's Orange Cake Mix (above)."", ""4 teaspoons water."", ""Preheat oven for 15 minutes."", ""Grease and flour a 4 inch miniature cake pan. In a small bowl, combine cake mix and water. Stir with a fork or spoon until blended and smooth."", ""Pour mixture into prepared pan. Bake 12 to 13 minutes in play oven. Remove from oven. Cool in pan on rack for 5 minutes. Invert cake onto a small plate. Remove pan."", ""When cool, frost with Children's White Frosting if desired.""]",www.food.com/recipe/easy-bake-oven-orange-cake-mix-156132,Gathered,"[""sugar"", ""flour"", ""baking soda"", ""salt"", ""orange"", ""shortening""]"
66,1092362,Russian Salad Dressing,"[""1/4 cup sugar (or honey)"", ""3 tablespoons water"", ""1 cup vegetable oil"", ""1/2 cup catsup"", ""2 -3 tablespoons lemon juice"", ""1 teaspoon vinegar"", ""1/2 teaspoon salt"", ""1/2 teaspoon paprika"", ""1 1/2 teaspoons celery seeds"", ""1 tablespoon Worcestershire sauce"", ""1/4 cup grated onion (or 1/2 tbsp onion powder)""]","[""In a sauce pan cook sugar and water until thick."", ""Cool syrup."", ""Combine the remaining ingredients."", ""Add syrup and whisk to blend well.""]",www.food.com/recipe/russian-salad-dressing-87710,Gathered,"[""sugar"", ""water"", ""vegetable oil"", ""catsup"", ""lemon juice"", ""vinegar"", ""salt"", ""paprika"", ""celery seeds"", ""Worcestershire sauce"", ""onion""]"
67,832974,14 Layer Chocolate Cake,"[""1/2 c. vegetable shortening"", ""6 eggs"", ""1 c. milk"", ""2 tsp. vanilla"", ""1 stick margarine"", ""2 c. sugar"", ""3 c. self-rising flour""]","[""Mix all ingredients as for any layer cake."", ""Batter will be thinner than usual."", ""Put 4 tablespoons of batter into greased and floured cake pan."", ""Bump pans gently with hands to spread batter over the entire pan. Bake at 350\u00b0 for 5 to 7 minutes. Do not cook too long or allow layer to get brown."", ""Partially cool before removing from pan.""]",www.cookbooks.com/Recipe-Details.aspx?id=813292,Gathered,"[""vegetable shortening"", ""eggs"", ""milk"", ""vanilla"", ""margarine"", ""sugar"", ""flour""]"
68,398973,Todd'S Hamburger And Potatoes,"[""1 1/2 lb. lean ground beef"", ""4 to 5 medium potatoes, peeled and thinly sliced"", ""1 envelope onion soup mix"", ""1 can cream of mushroom soup"", ""1 c. water"", ""2 c. crushed plain potato chips"", ""salt"", ""pepper""]","[""Preheat oven to 350\u00b0."", ""Season hamburger meat with pepper while browning."", ""Drain off grease."", ""In separate saucepan combine both soups and water over low heat."", ""Line potato slices in a 10 x 13-inch buttered baking dish."", ""Lightly salt and pepper."", ""Lay ground beef on top of potatoes."", ""Pour soup mixture over top."", ""Cover dish with aluminum foil, piercing a small hole in the center."", ""Bake covered for 25 minutes."", ""Remove foil and top with potato chips. Bake for 20 minutes more.""]",www.cookbooks.com/Recipe-Details.aspx?id=329468,Gathered,"[""lean ground beef"", ""potatoes"", ""onion soup"", ""cream of mushroom soup"", ""water"", ""potato chips"", ""salt"", ""pepper""]"
69,1578268,Hot & Sour Soup,"[""1 Tablespoon Peanut Oil"", ""1 teaspoon Ginger, Finely Chopped"", ""3 cups, 12 tablespoons, 2-1/2 teaspoons, 1-5/8 pinches Vegetable Stock"", ""7 ounces, weight Rice Noodles"", ""1 Tablespoon Oyster Sauce"", ""1 teaspoon Dark Soy Sauce"", ""2 Tablespoons Fish Sauce"", ""1 whole Thick Red Hot Chili Pepper, Deseeded And Thinly Sliced"", ""2 whole Small Garlic Cloves, Minced"", ""10 whole Tiger Shrimp, Tails On"", ""1 whole Lime, Juiced"", ""1 pinch Sugar"", ""2 whole Green Onions, Thinly Sliced"", ""1/4 cups Cilantro Leaves, Plus Extra For Garnish"", ""Salt And Pepper, to taste""]","[""1. Add the oil to a large saucepan and add in the ginger over high heat. Fry for a few seconds and then pour in the vegetable stock."", ""2. Bring to a boil, then reduce and simmer for 10 minutes."", ""While the stock heats up, cook the rice noodles according to package directions. For large noodles, boil for 6 minutes and then drain. Keep warm."", ""3. Add the oyster sauce, soy sauce, fish sauce, hot chili pepper and garlic to the stock and reduce heat, simmering for 5 minutes. Add in the shrimp and continue simmering for a further 5 minutes, until the shrimp is cooked."", ""4.Add the lime juice, sugar, green onions and cilantro to. Season to taste with salt and pepper."", ""5. Run the noodles under hot water to prevent sticking and divide among two bowls. Remove the shrimp from the soup and set aside for a moment. Pour the stock over top of the noodles and arrange the shrimp on top. Add a bit of fresh cilantro on top to garnish.""]",tastykitchen.com/recipes/soups/hot-sour-soup-3/,Gathered,"[""Peanut Oil"", ""Ginger"", ""Vegetable Stock"", ""Noodles"", ""Oyster Sauce"", ""Soy Sauce"", ""Fish Sauce"", ""Pepper"", ""Garlic"", ""Shrimp"", ""Sugar"", ""Green Onions"", ""\u00bc"", ""Salt""]"
70,1493040,Herb Fryer Chicken,"[""1/3 cup lemon juice"", ""1/4 cup olive oil"", ""1/4 cup minced fresh parsley"", ""2 tablespoons finely chopped onion"", ""3 garlic cloves, minced"", ""1 tablespoon grated lemon peel"", ""1 teaspoon minced fresh thyme"", ""1/2 teaspoon salt"", ""1/4 teaspoon pepper"", ""1 broiler/fryer chicken (3 pounds), cut up""]","[""In a large resealable plastic bag, combine the lemon juice, oil, parsley, onion, garlic, lemon peel, thyme, salt and pepper; add chicken. Seal bag and turn to coat; refrigerate overnight, turning occasionally. Drain and discard marinade."", ""Grill chicken, covered, over medium heat for 35-40 minutes or until juices run clear, turning every 15 minutes.""]",www.tasteofhome.com/recipes/herb-fryer-chicken/,Gathered,"[""lemon juice"", ""olive oil"", ""fresh parsley"", ""onion"", ""garlic"", ""thyme"", ""salt"", ""pepper"", ""chicken""]"
71,468899,Sheep-Wagon Carrot Cake,"[""1 1/3 c. sugar"", ""1 1/3 c. water"", ""1 c. raisins"", ""1 Tbsp. butter"", ""2 large, grated carrots"", ""1 tsp. cinnamon"", ""1 tsp. cloves"", ""1 tsp. nutmeg"", ""1 c. chopped walnuts"", ""2 1/2 c. sifted flour"", ""2 tsp. baking powder"", ""1 tsp. baking soda"", ""1/2 tsp. salt""]","[""Combine first 8 ingredients in medium saucepan."", ""Simmer for 5 minutes, then cover and let rest for 12 hours.""]",www.cookbooks.com/Recipe-Details.aspx?id=800260,Gathered,"[""sugar"", ""water"", ""raisins"", ""butter"", ""carrots"", ""cinnamon"", ""cloves"", ""nutmeg"", ""walnuts"", ""flour"", ""baking powder"", ""baking soda"", ""salt""]"
72,1167402,Maypo Cookies,"[""1 cup shortening"", ""2 eggs"", ""3/4 cup brown sugar"", ""3/4 cup white sugar"", ""1 1/2 cups flour"", ""1 teaspoon salt"", ""1 teaspoon baking soda (dissolved in 1T hot water)"", ""1 cup maypo"", ""1 teaspoon vanilla"", ""1 cup nuts"", ""1 bag butterscotch chips or 1 bag chocolate chips""]","[""Cream 1 cup shortening."", ""Beat in: eggs, brown sugar, and white sugar."", ""Add flour, salt, soda dissolved in 1 T hot water."", ""Stir in: Maypo, vanilla, nuts, butterscotch and/or chocolate chips."", ""Bake at 350 for 12 minutes on an ungreased cookie sheet.""]",www.food.com/recipe/maypo-cookies-24526,Gathered,"[""shortening"", ""eggs"", ""brown sugar"", ""white sugar"", ""flour"", ""salt"", ""baking soda"", ""maypo"", ""vanilla"", ""nuts"", ""butterscotch chips""]"
73,1774769,Cranberry Caramel Streusel Squares,"[""1 12 cups all-purpose flour"", ""12 cup icing sugar"", ""23 cup butter, chilled and cut into chunks"", ""12 cup all-purpose flour"", ""12 cup quick-cooking oats"", ""2 tablespoons brown sugar"", ""2 tablespoons granulated sugar"", ""14 teaspoon baking soda"", ""14 cup butter, melted"", ""1 (284 ml) can caramel sauce"", ""13 cup all-purpose flour"", ""1 cup cranberries (fresh or frozen)"", ""10 ounces dates, pitted and chopped"", ""1 cup pecans, coarsely chopped""]","[""Preheat the oven to 350 degrees F."", ""Grease a 9\"" x 13\"" pan and set aside."", ""In a medium-size bowl, using a fork, stir the flour with the icing sugar until blended."", ""Using a pastry blender or 2 knives, cut in the butter until the mixture is crumbly."", ""Turn the mixture into the baking dish."", ""Press firmly and evenly over the bottom of the dish."", ""Bake in the centre of the oven until the edges are golden, from 20 to 25 minutes."", ""Remove from the oven."", ""Meanwhile, in a medium-size bowl, stir 1/2 cup flour with the oats, brown sugar, granulated sugar and baking soda."", ""Stir in the melted butter until the mixture is crumbly."", ""Set aside."", ""In a large bowl, stir the caramel sauce with 1/3 cup flour."", ""Stir in the cranberries, dates and pecans."", ""Spread the filling mixture over top the warm baked base, making sure the cranberries and dates are evenly distributed."", ""Sprinkle with the streusel mixture."", ""Return to the oven."", ""Bake until the top is light brown, from 35 to 40 minutes."", ""Remove from the oven."", ""Cool on a rack at least 30 minutes."", ""Cut into 24 squares, then cool completely in the baking dish."", ""Store in an airtight container in the refrigerator up to 1 week or freeze up to 3 months.""]",www.food.com/recipe/cranberry-caramel-streusel-squares-218404,Recipes1M,"[""flour"", ""icing sugar"", ""butter"", ""flour"", ""oats"", ""brown sugar"", ""sugar"", ""baking soda"", ""butter"", ""caramel sauce"", ""flour"", ""cranberries"", ""dates"", ""pecans""]"
74,1906021,Herbed Biscuit Ham Sandwiches,"[""8 tablespoons cold unsalted butter, cubed"", ""2 cups all-purpose flour, plus additional for work surface"", ""1 teaspoon sugar"", ""1 tablespoon baking powder"", ""14 teaspoon kosher salt"", ""34 teaspoon baking soda"", ""2 tablespoons choppped fresh dill"", ""2 tablespoons chopped of fresh mint"", ""2 tablespoons chopped flat leaf parsley"", ""2 tablespoons chopped fresh tarragon"", ""34 cup buttermilk"", ""mustard"", ""honey (optional)"", ""sliced ham"", ""bread and butter pickles""]","[""Preheat oven to 450 deg F. Put cubed butter in freezer."", ""Combine flour, sugar, baking powder, salt, baking soda and herbs in a food processor pulse to combine."", ""If you do not have all the herbs, just use more of the others, so that you have 1/2 cup total."", ""Drop in butter cubes and pulse until mixture resembles coarse cornmeal."", ""Pour in buttermilk and pulse until mixture just comes together."", ""Turn dough out onto a lightly floured surface."", ""Pat into a rectangle, then cut into thirds."", ""Stack thirds on top of each other and pat out into a rectangle again."", ""Repeat twice, then pat into a 4x12 inch rectangle."", ""Cut in half lengthwise and then into 8 square biscuits."", ""Bake on a parchment-lined baking sheet until puffed and golden, 10-12 minutes."", ""Split biscuits and spread with mustard and honey."", ""Top with ham and pickles and make into sandwiches.""]",www.food.com/recipe/herbed-biscuit-ham-sandwiches-515539,Recipes1M,"[""cold unsalted butter"", ""flour"", ""sugar"", ""baking powder"", ""kosher salt"", ""baking soda"", ""dill"", ""mint"", ""flat leaf parsley"", ""tarragon"", ""buttermilk"", ""mustard"", ""honey"", ""ham"", ""bread""]"
75,1274133,Balsamic Salmon Fillets ,"[""\t3/4 pound center-cut salmon fillet, 1-inch thick"", ""\t1 tablespoon olive oil plus more for oiling the fish"", ""\tKosher salt"", ""\tFreshly ground black pepper"", ""\t1/2 teaspoons dried thyme"", ""\t1 tablespoon unsalted butter"", ""\tAged balsamic vinegar or balsamic vinegar reduction for drizzling (optional""]","[""1. Cut the salmon fillet into two equal portions, and brush both sides of each piece with olive oil. Sprinkle with salt, pepper, and the dried thyme."", """", ""2. In a large skillet, heat 1 tablespoon olive oil and the butter on medium-high until the butter foams. Carefully place the fillets flesh-side-down in the skillet."", """", ""3. Cook the fish fillets without moving until the edges begin to crisp, about 2 minutes. Decrease the heat to medium and cook until they are golden brown, about 1 minute more. Turn the fillets so they are skin-side-down and continue cooking until medium rare and the skin is crisped, 5 to 7 minutes depending on their thickness, adding a few additional drops of olive oil as needed to prevent sticking."", """", ""4. Remove the fillets to serving plates and drizzle with balsamic vinegar. Serve immediately""]",www.epicurious.com/recipes/member/views/-balsamic-salmon-fillets-50011675,Gathered,"[""center"", ""olive oil"", ""salt"", ""ground black pepper"", ""thyme"", ""unsalted butter"", ""balsamic vinegar""]"
76,1832412,Pork Rub,"[""2 tablespoons sweet paprika"", ""2 teaspoons ground cumin"", ""2 teaspoons fresh ground pepper"", ""2 teaspoons cocoa powder"", ""1 tablespoon muscovado sugar"", ""1 teaspoon salt""]","[""Mix up all the ingredients."", ""Rub on each side of the pork before either grilling or barbequeing."", ""The rub can be stored in an air tight container."", ""Meat can be marinated in the rub to add a more intense flavour, if doing this add the salt at the last stage."", ""When barbequeing sprinkle some of the rub over the hot coals for a smokey flavour.""]",www.food.com/recipe/pork-rub-261528,Recipes1M,"[""sweet paprika"", ""ground cumin"", ""fresh ground pepper"", ""cocoa powder"", ""muscovado sugar"", ""salt""]"
77,140310,Bachelor'S Soup,"[""1 can mixed veggies"", ""1 can tomato soup""]","[""Mix in saucepan and heat.""]",www.cookbooks.com/Recipe-Details.aspx?id=984463,Gathered,"[""mixed veggies"", ""tomato soup""]"
78,1062091,Spicy Baked Spaghetti,"[""1 lb ground sausage (spicy or hot)"", ""1 lb spaghetti noodles"", ""1 tablespoon rosemary"", ""1 tablespoon basil"", ""1/2 tablespoon cayenne pepper (optional)"", ""1 tablespoon sage"", ""2 teaspoons oregano"", ""1 bell pepper (chopped large)"", ""1 large onion (chopped large)"", ""1 (16 ounce) can preferred spaghetti sauce (watch for my sauce recipe later)"", ""2 (8 ounce) bags of shredded mozzarella cheese""]","[""in large frying pan, brown meat with herbs and pepper and onion."", ""slow boil noodles for 30 minutes."", ""cook grease out of meat, don't drain."", ""add sauce to meat mixture and let simmer for 10 minutes."", ""drain water from noodles and mix in meat well."", ""dump into casserolle dish"", ""pre-heat oven to 350 degrees."", ""cover with cheese."", ""bake for 25 minutes or until cheese is golden brown."", ""serve"", ""enjoy.""]",www.food.com/recipe/spicy-baked-spaghetti-202352,Gathered,"[""ground sausage"", ""noodles"", ""rosemary"", ""basil"", ""cayenne pepper"", ""sage"", ""oregano"", ""bell pepper"", ""onion"", ""watch"", ""mozzarella cheese""]"
79,1547470,Roasted Asparagus With Balsamic Brown Butter Sauce,"[""1 bunch Fresh Asparagus, Ends Trimmed"", ""1/4 cups Balsamic Vinegar"", ""1 teaspoon Honey"", ""6 Tablespoons Butter"", ""2 teaspoons Soy Sauce"", ""Salt And Pepper""]","[""1. Preheat oven to 400 degrees F."", ""2. Arrange asparagus in a single layer on a baking sheet. Sprinkle with salt and pepper. Lightly spray with olive oil cooking spray."", ""3. Roast asparagus in the oven for 10-12 minutes, until tender."", ""4. While asparagus is cooking, add balsamic vinegar and honey to a small saucepan and cook over medium heat until reduced by half."", ""5. Melt butter in another small saucepan over medium heat and cook until colour turns light brown. Watch it closely and be careful not to burn the butter."", ""6. Once butter is a light brown, caramel colour and has a nutty aroma, remove from heat and add 2 tablespoons of the reduced balsamic and the soy sauce. Stir together. Spoon off and discard any foam from the top. Pour into a glass measuring cup or other glass cup with spout. Stir together well so mixture does not separate. Sauce should be a dark and rich with a thick, syrupy consistency."", ""7. Remove asparagus from oven and place into a serving dish. Pour Balsamic Brown Butter sauce over top of asparagus. Serve immediately.""]",tastykitchen.com/recipes/sidedishes/roasted-asparagus-with-balsamic-brown-butter-sauce/,Gathered,"[""Fresh Asparagus"", ""\u00bc"", ""Honey"", ""Butter"", ""Soy Sauce"", ""Salt""]"
80,51232,Pita Pizzas,"[""2 Tbsp. pizza sauce"", ""1 pita bread"", ""1/2 c. mushrooms, sliced"", ""1/4 medium onion, sliced into rings"", ""1/4 medium green bell pepper, sliced"", ""3/4 oz. Mozzarella cheese, shredded"", ""any other pizza toppings""]","[""Individual pizzas:"", ""Arrange pita bread (whole) on cookie sheet. Spoon on pizza sauce."", ""Then arrange toppings on bread."", ""Place cookie sheet in oven preheated to 400\u00b0."", ""Cook pizzas for 15 to 18 minutes or until cheese has melted.""]",www.cookbooks.com/Recipe-Details.aspx?id=410378,Gathered,"[""pizza sauce"", ""bread"", ""mushrooms"", ""onion"", ""green bell pepper"", ""Mozzarella cheese"", ""toppings""]"
81,831588,Cinnamon Cheese Toast,"[""cinnamon to taste"", ""sliced cheese"", ""sliced bread""]","[""Butter slice of bread."", ""Put in toaster oven."", ""Let butter melt. Turn over."", ""Place a slice of cheese on bread."", ""Let cheese melt. Take out of oven and sprinkle on cinnamon and eat while warm.""]",www.cookbooks.com/Recipe-Details.aspx?id=670179,Gathered,"[""cinnamon"", ""cheese"", ""bread""]"
82,2179248,Saute Green Beans,"[""1 fresh green beans"", ""1 yellow bell pepper"", ""1 red bell pepper"", ""2 clove garlic chopped"", ""1 small onion""]","[""Put green beans in boiling salt water."", ""Julienne the veggies and chop garlic"", ""Heat saute pan with oil."", ""Saute veggies til soft."", ""Add green beans from boiling salt water and toss around with the veggies."", ""Salt and pepper to taste.""]",cookpad.com/us/recipes/352302-saute-green-beans,Recipes1M,"[""green beans"", ""yellow bell pepper"", ""red bell pepper"", ""garlic"", ""onion""]"
83,137356,Taffy,"[""2 c. sugar"", ""1 c. Kings syrup"", ""1 Tbsp. vinegar"", ""1 tsp. vanilla"", ""lump of butter""]","[""Add sugar,"", ""syrup"", ""and vinegar."", ""Bring to a boil."", ""Cook until it spins a thread and then add butter and vanilla."", ""Pour into cupcake pans.""]",www.cookbooks.com/Recipe-Details.aspx?id=732452,Gathered,"[""sugar"", ""syrup"", ""vinegar"", ""vanilla"", ""lump of butter""]"
84,2014128,Shortbread Cookies,"[""1 pound unsalted butter"", ""1 1/4 cups light brown sugar, lightly packed"", ""4 1/2 cups all-purpose flour"", ""Colored sugars"", ""Confectioners' sugar""]","[""Preheat oven to 275F."", ""In a large bowl, combine all ingredients to form uniform dough."", ""On a cutting board or work surface, roll out dough to 1/8-inch thickness, and cut out shapes with cookie cutters or the rims of various-size cups to make circles."", ""The dough can also be rolled out in logs, then sliced into disks."", ""Place the cookies on ungreased baking sheets, sprinkle with colored sugar, if desired, and bake until lightly golden, about l5 minutes."", ""Allow cookies to cool slightly, then transfer to racks to cool completely."", ""Dust with confectioners' sugar, if desired."", ""Store cookies in airtight container.""]",www.epicurious.com/recipes/food/views/shortbread-cookies-108140,Recipes1M,"[""butter"", ""light brown sugar"", ""flour"", ""Colored sugars"", ""Confectioners""]"
85,2046401,Basic Pumpkin Pie Recipe,"[""1 x 9\"" Pie Shell, Unbaked"", ""3 x Large eggs"", ""2 3/4 c. Mashed Pumpkin"", ""1 c. + 3/4 teaspoon Sugar"", ""3/4 tsp Salt"", ""1/2 tsp Cinnamon"", ""3/4 tsp Ginger"", ""1/2 tsp Cloves"", ""2 1/4 c. Evaporated Lowfat milk""]","[""Beat Large eggs slightly."", ""Add in remaining ingredients and combine well."", ""Pour into pie shell and bake in a preheated 425 degree oven for 15 min."", ""Reduce heat to 350 degrees and cook an additional 55 min.""]",cookeatshare.com/recipes/basic-pumpkin-pie-79737,Recipes1M,"[""Pie Shell"", ""eggs"", ""+"", ""Salt"", ""Cinnamon"", ""Ginger"", ""milk""]"
86,1214049,Rogue Sauce,"[""1 lb italian sweet sausage links, thinly sliced"", ""2 tablespoons olive oil"", ""1 lb ground beef"", ""1 large onion, finely chopped"", ""1 garlic clove, minced"", ""1 (35 ounce) can Italian plum tomatoes"", ""1 (6 ounce) can tomato paste"", ""1 teaspoon dried basil"", ""salt and pepper""]","[""In a 5-quart saucepan, brown sausage in oil; push sausage to one side and add beef. Crumble beef with a fork until it loses is red color. Stir in onion, garlic, tomatoes, tomato paste, and basil; simmer for 2 hours; add salt and pepper.""]",www.food.com/recipe/rogue-sauce-447388,Gathered,"[""italian sweet sausage links"", ""olive oil"", ""ground beef"", ""onion"", ""garlic"", ""Italian plum tomatoes"", ""tomato paste"", ""basil"", ""salt""]"
87,1305606,Rice And Asparagus Salad ,"[""Ingredients:"", ""1 cup of rice, basmati, or both"", ""2 scallions finely chopped"", ""5 tbsp. lime and/or lemon juice"", ""3 tbsp. olive oil"", ""2 tbsp. sesame oil"", ""1 tbsp. soy sauce"", ""1 tbsp balsamic vinegar"", ""1 tbsp. grated fresh ginger root"", ""2 tsp. minced garlic"", ""pinch of sugar"", ""2 - 3 Tbsp. chopped cilantro""]","[""Directions:"", ""Cook 1 cup of rice until done. Use all brown rice or half basmati and half wild rice or any combination. Rice should be dry not wet. Let set after cooking to cool. Mix dressing ingredients and stir or shake well. Cut asparagus into 1 inch pieces. Add asparagus to rice, pour on dressing and mix well. If you refrigerate the salad, it will absorb some of the dressing so reserve some dressing or make more to add before serving.""]",www.epicurious.com/recipes/member/views/rice-and-asparagus-salad-50045611,Gathered,"[""Ingredients"", ""rice"", ""scallions"", ""lime and/or"", ""olive oil"", ""sesame oil"", ""soy sauce"", ""balsamic vinegar"", ""ginger root"", ""garlic"", ""sugar"", ""cilantro""]"
88,521741,Cornmeal Rolls,"[""1 pkg. yeast"", ""1/2 c. warm water"", ""1 c. cornmeal"", ""1/2 c. shortening"", ""1 tsp. salt"", ""1/2 c. sugar"", ""2 c. milk"", ""2 beaten eggs"", ""4 1/2 or 5 c. flour""]","[""Soften yeast in warm water."", ""Combine cornmeal, shortening, salt, sugar and milk."", ""Bring to a boil, stirring constantly. Cook over boiling water for 10 minutes."", ""Cool to lukewarm."", ""Add eggs and 1 1/2 cups flour; mix well."", ""Add yeast and rest of flour to make soft dough."", ""Knead until smooth and elastic (approximately 5 minutes)."", ""Place in greased bowl."", ""Let rise until doubled in size."", ""Punch down and let rise 10 minutes."", ""Shape into rolls. Brush top lightly with melted butter."", ""Let rise until light."", ""Bake at 350\u00b0 for 15 to 20 minutes.""]",www.cookbooks.com/Recipe-Details.aspx?id=871337,Gathered,"[""yeast"", ""warm water"", ""cornmeal"", ""shortening"", ""salt"", ""sugar"", ""milk"", ""eggs"", ""flour""]"
89,853866,French Dressing,"[""1 c. brown sugar"", ""1 c. salad oil"", ""1 c. vinegar"", ""1 c. ketchup"", ""1 small onion, grated"", ""1 clove garlic, chopped"", ""salt and pepper"", ""Worcestershire sauce to taste""]","[""Shake; chill; enjoy it!!"", ""Makes 1 quart.""]",www.cookbooks.com/Recipe-Details.aspx?id=314841,Gathered,"[""brown sugar"", ""salad oil"", ""vinegar"", ""ketchup"", ""onion"", ""clove garlic"", ""salt"", ""Worcestershire sauce""]"
90,978340,Sneaky Pete'S Nacho Dip,"[""1 lb sausage, cooked and drained"", ""2 cups frozen californian blend vegetables"", ""1 can Fiesta nacho cheese soup (Campbell's brand)"", ""1 can cream of mushroom soup (Campbell's brand)"", ""16 ounces salsa"", ""1 lb Velveeta cheese, cubed""]","[""Finely chop the vegetables in a food processor."", ""Break the sausage into small pieces if needed."", ""Then put everything into the crockpot and heat on high for 3 hours."", ""Stir to get the cheese blended in."", ""When heated thoroughly, serve on top of tortilla chips.""]",www.food.com/recipe/sneaky-petes-nacho-dip-16787,Gathered,"[""sausage"", ""frozen californian blend vegetables"", ""Fiesta nacho cheese soup"", ""cream of mushroom soup (Campbell"", ""salsa"", ""Velveeta cheese""]"
91,2068043,Double Delight Banana Cream Pie,"[""4 ounces cream cheese, softened"", ""1 tablespoon milk"", ""1 tablespoon sugar"", ""1 (12 ounce) container whipped topping (thawed)"", ""1 (9 inch) ready made graham cracker pie crusts"", ""1 12 cups milk"", ""2 (3 1/2 ounce) packages instant banana pudding mix"", ""2 bananas (sliced in 1/4 inch slices,put in lemon juice to keep from browning)"", ""lemon juice""]","[""In large bowl on medium speed, mix cream cheese, 1 tablespoon milk, and sugar until smooth; gently stir in 1 1/2 cups whipped topping."", ""Spread evenly over pie crust."", ""Evenly layer bananas over cream cheese mixture."", ""Pour 1 1/2 cups of milk into a medium bowl."", ""Add pudding mix."", ""Beat on low speed for 1 minute (mixture will be thick)."", ""Fold in 2 cups of whipped topping."", ""Spread over bananas."", ""Garnish with remaining whipped topping (if desired)."", ""Chill for 4 hours or till set.""]",www.food.com/recipe/double-delight-banana-cream-pie-71625,Recipes1M,"[""cream cheese"", ""milk"", ""sugar"", ""graham cracker pie crusts"", ""milk"", ""bananas"", ""lemon juice""]"
92,2163766,Linguine with Sicilian Clam Sauce,"[""Sea salt"", ""1 pound linguine"", ""Extra-virgin olive oil"", ""4 anchovy fillets, chopped"", ""6 garlic cloves, shaved"", ""1 onion, diced"", ""1 teaspoon red pepper flakes"", ""1/4 cup capers, drained"", ""1 cup hand-torn fresh basil"", ""2 (28-ounce) cans whole plum tomatoes, drained"", ""48 littleneck clams, scrubbed"", ""1/2 cup dry white wine"", ""Juice of 1 lemon"", ""Sea salt and freshly ground black pepper"", ""Freshly grated Parmigiano-Reggiano cheese (optional)""]","[""Fill a large pasta pot with water and place over high heat."", ""Add a generous amount of salt and bring to a boil."", ""Add the pasta, stir to separate, and cook for 10 minutes, until al dente."", ""Drain well and toss with a little oil so the pasta doesnt stick together."", ""Heat a 2-count drizzle of olive oil in a large pot and set over medium heat."", ""Add the anchovies, garlic, onion, red pepper flakes, capers, and 1/2 cup of basil."", ""Saute for a minute, until fragrant."", ""Hand-crush the tomatoes to break them up into chunks."", ""Pour them into the pan (be carefulnothing splashes quite like tomatoes) and simmer down the tomatoes until pulpy."", ""This will take about 15 minutes."", ""Nestle the clams in the tomato mixture and toss everything together with a large spoon."", ""Pour in the wine and cover the pot to let the clams steam open, about 10 minutes."", ""Add the linguine; then fold in the remaining basil, lemon juice, and some salt and pepper."", ""Give it a good toss with more olive oil."", ""Serve the pasta family-style on a large platter.""]",www.epicurious.com/recipes/food/views/linguine-with-sicilian-clam-sauce-372591,Recipes1M,"[""salt"", ""linguine"", ""Extra-virgin olive oil"", ""anchovy"", ""garlic"", ""onion"", ""red pepper"", ""capers"", ""basil"", ""tomatoes"", ""littleneck clams"", ""white wine"", ""lemon"", ""salt"", ""cheese""]"
93,1519820,Chicken Potato Delight,"[""1 can (10-3/4 ounces) condensed cream of chicken soup, undiluted"", ""3/4 cup sour cream"", ""1/4 cup whole milk"", ""1 cup cubed cooked chicken"", ""2-1/2 cups shredded cheddar cheese, divided"", ""2-1/2 cups frozen shredded hash brown potatoes, thawed"", ""1 can (2.8 ounces) french-fried onions"", ""1 cup sour cream and onion potato chips""]","[""In a bowl, combine soup, sour cream, milk, chicken and 1-1/4 cps cheese. Spread three-fourths of the mixture in a greased 2-qt. baking dish. Sprinkle hash browns over the top and press down lightly. Spread with the remaining soup mixture."", ""Sprinkle with onions, potato chips and remaining cheese. Bake, uncovered, at 350\u00b0 for 1 hour or until bubbly. Let stand for 5-10 minutes before serving.""]",www.tasteofhome.com/recipes/chicken-potato-delight/,Gathered,"[""condensed cream"", ""sour cream"", ""milk"", ""chicken"", ""cheddar cheese"", ""potatoes"", ""onions"", ""sour cream""]"
94,920392,Balsamic Brussels Sprouts With Feta Cheese And Walnuts,"[""1 pound Brussels sprouts, trimmed and halved"", ""1 large red onion, chopped"", ""6 cloves garlic, chopped"", ""1/3 cup balsamic vinegar"", ""1/4 cup olive oil"", ""2 tablespoons maple syrup"", ""salt and ground black pepper to taste"", ""1/4 cup walnuts"", ""1/4 cup sweetened dried cranberries"", ""2 ounces crumbled feta cheese""]","[""Preheat oven to 450 degrees F (230 degrees C)."", ""Combine Brussels sprouts, red onion, and garlic in a large bowl. Drizzle balsamic vinegar, olive oil, and maple syrup over the sprouts mixture and toss to coat. Season vegetables with salt and pepper; pour onto a baking sheet."", ""Roast vegetable mixture in preheated oven until the sprouts are tender and the sauce thickened, about 40 minutes."", ""Transfer vegetables and sauce to a large serving bowl; add walnuts, cranberries, and feta cheese and stir to mix.""]",www.allrecipes.com/recipe/240811/balsamic-brussels-sprouts-with-feta-cheese-and-walnuts/,Gathered,"[""Brussels"", ""red onion"", ""garlic"", ""balsamic vinegar"", ""olive oil"", ""maple syrup"", ""salt"", ""walnuts"", ""cranberries"", ""feta cheese""]"
95,1672111,Stuffed Mushrooms,"[""12 large mushrooms, 1 1/2 to 2 inches in diameter"", ""1/4 cup (60 ml) butter or margarine"", ""1 tsp (5 ml). dried basil leaves"", ""1/4 tsp (1 ml). salt"", ""1/2 cup (125 ml) whipping cream"", ""1/4 cup (60 ml) Parmesan cheese, grated"", ""cherry tomatoes and parsley garnish""]","[""Remove stems from mushrooms and chop into 1/4 inch pieces."", ""Set aside."", ""Heat butter in heavy skillet."", ""Add mushroom caps and saute quickly over high heat, about 30 seconds on each side untill just browned (do not let mushrooms get over cooked)."", ""Transfer mushrooms to heat proof serving tray with bottom sides up."", ""Add mushroom stems to skillet and saute over high heat about 2 minutes."", ""Add basil, salt and cream."", ""Heat to boiling and cook until cream is reduced by half and slighlty thickend."", ""Stir in parmesan cheese."", ""Spoon creamy mixture into mushroom caps, dividing evenly and mounding the filling slightly (can be prepared ahead at this point)"", ""Place stuffed mushrooms under preheated broiler about 6 inches from heat."", ""Broil untill heated through and lightly browned."", ""Transfer to serving platter."", ""Garnish with cherry tomatoes and parsley sprigs.""]",online-cookbook.com/goto/cook/rpage/000873,Recipes1M,"[""mushrooms"", ""butter"", ""basil"", ""salt"", ""whipping cream"", ""Parmesan cheese"", ""tomatoes""]"
96,7249,Southern Style Corn Bread Dressing,"[""2 boxes Jiffy corn bread mix"", ""diced onions and celery"", ""2 eggs"", ""3 tsp. poultry seasoning"", ""2 tsp. sage"", ""1 tsp. seasoning salt"", ""1/2 tsp. Adolph's seasoning"", ""1/2 tsp. pepper"", ""1 c. hot water or 1 c. chicken broth""]","[""Excluding eggs, cook corn bread according to package directions."", ""After done, place cooked corn bread in large bowl. Add remaining ingredients."", ""Mix well."", ""Mixture should be loose. Place mix in baking dish."", ""Bake for 20 minutes or until firm and brown in oven at 350\u00b0."", ""Serve with favorite meat dish."", ""If desired, serve favorite gravy over dressing.""]",www.cookbooks.com/Recipe-Details.aspx?id=400430,Gathered,"[""corn bread"", ""onions"", ""eggs"", ""poultry seasoning"", ""sage"", ""seasoning salt"", ""pepper"", ""water""]"
97,1546977,Green Beans With Brown Butter And Pepitas,"[""3 Tablespoons Unsalted Butter"", ""1 pound Green Beans, Cleaned And Trimmed"", ""2 cloves Garlic, Minced"", ""1/2 cups Roasted Pumpkin Seeds""]","[""Melt butter in a large saute pan over medium-low heat until brown and fragrant, about 2-3 minutes, swirling the pan occasionally. Add green beans and toss in the butter until there are spotty brown marks on the beans, about 3-4 minutes . Make a well in the center of the pan and add the garlic. Stir garlic in the center of the pan until fragrant, about 30 seconds and then stir into the beans. Remove from heat, toss pumpkin seeds into the beans, then season with salt and pepper to taste. Serve immediately.""]",tastykitchen.com/recipes/holidays/green-beans-with-brown-butter-and-pepitas/,Gathered,"[""Butter"", ""Green Beans"", ""Garlic"", ""Pumpkin Seeds""]"
98,703381,Aunt Edna Wilson'S White Feather Cake,"[""1/2 c. butter"", ""1 1/2 c. sugar"", ""3/4 c. cold water"", ""1 tsp. vanilla"", ""2 1/4 c. flour"", ""3 tsp. baking powder"", ""5 egg whites""]","[""Cream the shortening; add the sugar gradually."", ""Mix and sift the dry ingredients."", ""Add alternately with water."", ""Lastly fold in stiffly beaten egg whites and flavoring."", ""Bake in layers in moderate hot oven (375\u00b0) for 20 to 25 minutes.""]",www.cookbooks.com/Recipe-Details.aspx?id=686437,Gathered,"[""butter"", ""sugar"", ""cold water"", ""vanilla"", ""flour"", ""baking powder"", ""egg whites""]"
99,64583,Spiced Wieners,"[""3 pkg. wieners"", ""2 small bottles of Russian salad dressing""]","[""Cut wieners to bite size and put into crock pot."", ""Pour salad dressing over wieners Cook 4 to 5 hours until done.""]",www.cookbooks.com/Recipe-Details.aspx?id=94696,Gathered,"[""wieners"", ""bottles""]"
100,38428,Chocolate Chip Cookies,"[""2 c. butter (not margarine)"", ""2 c. sugar"", ""2 c. brown sugar"", ""1 tsp. salt"", ""2 tsp. baking powder"", ""4 eggs"", ""2 tsp. vanilla"", ""4 c. flour"", ""5 c. oatmeal flour*"", ""2 tsp. baking soda"", ""1 (8 oz.) chocolate bar, pecans or Macadamia nuts (optional)"", ""1 (24 oz.) bag chocolate chips"", ""3 c. walnuts""]","[""*Use Quaker old-fashioned oatmeal, premeasured in blender until powdery.""]",www.cookbooks.com/Recipe-Details.aspx?id=1029027,Gathered,"[""butter"", ""sugar"", ""brown sugar"", ""salt"", ""baking powder"", ""eggs"", ""vanilla"", ""flour"", ""flour"", ""baking soda"", ""chocolate"", ""chocolate chips"", ""walnuts""]"
